,Stock Name
0,"""PIH"""
1,"""FLWS"""
2,"""SRCE"""
3,"""VNET"""
4,"""TWOU"""
5,"""JOBS"""
6,"""EGHT"""
7,"""AAON"""
8,"""ABEO"""
9,"""ABIL"""
10,"""ABMD"""
11,"""AXAS"""
12,"""ACIA"""
13,"""ACTG"""
14,"""ACHC"""
15,"""ACAD"""
16,"""ACST"""
17,"""AXDX"""
18,"""XLRN"""
19,"""ARAY"""
20,"""ACRX"""
21,"""ACER"""
22,"""ACHV"""
23,"""ACHN"""
24,"""ACIW"""
25,"""ACRS"""
26,"""ACNB"""
27,"""ACOR"""
28,"""ATVI"""
29,"""ADMS"""
30,"""ADMP"""
31,"""ADAP"""
32,"""ADUS"""
33,"""AEY"""
34,"""IOTS"""
35,"""ADMA"""
36,"""ADBE"""
37,"""ADTN"""
38,"""ADRO"""
39,"""ADES"""
40,"""AEIS"""
41,"""AMD"""
42,"""ADXS"""
43,"""ADVM"""
44,"""AEGN"""
45,"""AGLE"""
46,"""AEHR"""
47,"""AMTX"""
48,"""AERI"""
49,"""AVAV"""
50,"""AEZS"""
51,"""AEMD"""
52,"""GNMX"""
53,"""AFMD"""
54,"""AGEN"""
55,"""AGRX"""
56,"""AGYS"""
57,"""AGIO"""
58,"""AGNC"""
59,"""AGNCB"""
60,"""AGFS"""
61,"""AIMT"""
62,"""AIRT"""
63,"""ATSG"""
64,"""ANTE"""
65,"""AKAM"""
66,"""AKTX"""
67,"""SONG"""
68,"""AKBA"""
69,"""AKER"""
70,"""AKRX"""
71,"""AKTS"""
72,"""ALRM"""
73,"""ALSK"""
74,"""ALACR"""
75,"""ALBO"""
76,"""ABDC"""
77,"""ALDX"""
78,"""ALRS"""
79,"""ALXN"""
80,"""ALCO"""
81,"""ALGN"""
82,"""ALIM"""
83,"""ALYA"""
84,"""ALJJ"""
85,"""ALKS"""
86,"""ABTX"""
87,"""ALGT"""
88,"""ARLP"""
89,"""LNT"""
90,"""AHPI"""
91,"""AMOT"""
92,"""ALLT"""
93,"""MDRX"""
94,"""ALNY"""
95,"""AOSL"""
96,"""GOOG"""
97,"""GOOGL"""
98,"""SMCP"""
99,"""ATEC"""
100,"""ALPN"""
101,"""ATHE"""
102,"""ALT"""
103,"""ASPS"""
104,"""AIMC"""
105,"""AMAG"""
106,"""AMRN"""
107,"""AMRK"""
108,"""AMZN"""
109,"""AMBC"""
110,"""AMBA"""
111,"""AMCX"""
112,"""AMCI"""
113,"""DOX"""
114,"""AMED"""
115,"""UHAL"""
116,"""AMRH"""
117,"""ATAX"""
118,"""AMOV"""
119,"""AAL"""
120,"""AMNB"""
121,"""ANAT"""
122,"""AOBC"""
123,"""APEI"""
124,"""AMRB"""
125,"""AMSWA"""
126,"""AMSC"""
127,"""AMWD"""
128,"""CRMT"""
129,"""ABCB"""
130,"""AMSF"""
131,"""ASRV"""
132,"""ASRVP"""
133,"""ATLO"""
134,"""AMGN"""
135,"""FOLD"""
136,"""AMKR"""
137,"""AMPH"""
138,"""IBUY"""
139,"""ASYS"""
140,"""AMRS"""
141,"""ADI"""
142,"""AVXL"""
143,"""ANGI"""
144,"""ANGO"""
145,"""ANIP"""
146,"""ANIK"""
147,"""ANIX"""
148,"""ANSS"""
149,"""ATRS"""
150,"""ATEX"""
151,"""APEX"""
152,"""APOG"""
153,"""APEN"""
154,"""AINV"""
155,"""AMEH"""
156,"""APPF"""
157,"""AAPL"""
158,"""APDN"""
159,"""APDNW"""
160,"""AGTC"""
161,"""AMAT"""
162,"""AAOI"""
163,"""APM"""
164,"""APTO"""
165,"""AQMS"""
166,"""ARAV"""
167,"""ABUS"""
168,"""ABIO"""
169,"""RKDA"""
170,"""ARCB"""
171,"""ACGL"""
172,"""ARCT"""
173,"""ARDX"""
174,"""ARNA"""
175,"""ARCC"""
176,"""ARKR"""
177,"""ARTX"""
178,"""ARQL"""
179,"""DWAT"""
180,"""AROW"""
181,"""ARWR"""
182,"""ARTNA"""
183,"""ARTW"""
184,"""ASNA"""
185,"""ASND"""
186,"""APWC"""
187,"""ASML"""
188,"""ASPU"""
189,"""AZPN"""
190,"""ASMB"""
191,"""ASRT"""
192,"""ASFI"""
193,"""ASTE"""
194,"""ATRO"""
195,"""ALOT"""
196,"""ASTC"""
197,"""ASUR"""
198,"""ATRA"""
199,"""ATHX"""
200,"""AAME"""
201,"""ACBI"""
202,"""AUB"""
203,"""AY"""
204,"""ATLC"""
205,"""AAWW"""
206,"""AFH"""
207,"""TEAM"""
208,"""ATNI"""
209,"""ATOS"""
210,"""ATRC"""
211,"""ATRI"""
212,"""ATIS"""
213,"""LIFE"""
214,"""AUBN"""
215,"""AUDC"""
216,"""AEYE"""
217,"""AUPH"""
218,"""EARS"""
219,"""JG"""
220,"""ADSK"""
221,"""ADP"""
222,"""AUTO"""
223,"""AVDL"""
224,"""AVEO"""
225,"""AVNW"""
226,"""CDMO"""
227,"""CDMOP"""
228,"""AVID"""
229,"""AVGR"""
230,"""CAR"""
231,"""RCEL"""
232,"""AVT"""
233,"""AWRE"""
234,"""ACLS"""
235,"""AXGN"""
236,"""AAXN"""
237,"""AXGT"""
238,"""AXSM"""
239,"""AXTI"""
240,"""AYTU"""
241,"""BCOM"""
242,"""RILY"""
243,"""BOSC"""
244,"""BIDU"""
245,"""BCPC"""
246,"""BLDP"""
247,"""BANF"""
248,"""BANFP"""
249,"""BCTF"""
250,"""BFC"""
251,"""BOCH"""
252,"""BMRC"""
253,"""BKSC"""
254,"""BOTJ"""
255,"""OZK"""
256,"""BFIN"""
257,"""BWFG"""
258,"""BANR"""
259,"""BZUN"""
260,"""DFVL"""
261,"""DFVS"""
262,"""DLBS"""
263,"""DTUL"""
264,"""DTUS"""
265,"""DTYL"""
266,"""DTYS"""
267,"""FLAT"""
268,"""STPP"""
269,"""TAPR"""
270,"""BBSI"""
271,"""GOLD"""
272,"""BSET"""
273,"""GLG"""
274,"""BCML"""
275,"""BBQ"""
276,"""BCBP"""
277,"""BECN"""
278,"""BBGI"""
279,"""BBBY"""
280,"""BGNE"""
281,"""BELFA"""
282,"""BELFB"""
283,"""BLPH"""
284,"""BLCM"""
285,"""BLU"""
286,"""BNFT"""
287,"""BNTC"""
288,"""BRY"""
289,"""BGCP"""
290,"""BGFV"""
291,"""BASI"""
292,"""BCDA"""
293,"""BIOC"""
294,"""BCRX"""
295,"""BDSI"""
296,"""BIIB"""
297,"""BHTG"""
298,"""BKYI"""
299,"""BIOL"""
300,"""BLFS"""
301,"""BLRX"""
302,"""BMRN"""
303,"""BMRA"""
304,"""BVXV"""
305,"""BPTH"""
306,"""BSGM"""
307,"""BSTC"""
308,"""TECH"""
309,"""BEAT"""
310,"""BJRI"""
311,"""BLKB"""
312,"""BKCC"""
313,"""TCPC"""
314,"""BLNK"""
315,"""BLMN"""
316,"""BCOR"""
317,"""BLBD"""
318,"""BHAT"""
319,"""BLUE"""
320,"""BKEP"""
321,"""BKEPP"""
322,"""BPMC"""
323,"""ITEQ"""
324,"""BMCH"""
325,"""WIFI"""
326,"""BOKF"""
327,"""BNSO"""
328,"""BKNG"""
329,"""BRQS"""
330,"""BPFH"""
331,"""EPAY"""
332,"""BCLI"""
333,"""BBI"""
334,"""BDGE"""
335,"""BRID"""
336,"""BCOV"""
337,"""BHF"""
338,"""AVGO"""
339,"""BVSN"""
340,"""BYFC"""
341,"""BWEN"""
342,"""BPY"""
343,"""BRKL"""
344,"""BRKS"""
345,"""DOOO"""
346,"""BRKR"""
347,"""BMTC"""
348,"""BSQR"""
349,"""BLDR"""
350,"""CFFI"""
351,"""CHRW"""
352,"""CCMP"""
353,"""CDNS"""
354,"""CDZI"""
355,"""CZR"""
356,"""CSTE"""
357,"""CLBS"""
358,"""CHY"""
359,"""CHI"""
360,"""CCD"""
361,"""CHW"""
362,"""CGO"""
363,"""CSQ"""
364,"""CAMP"""
365,"""CVGW"""
366,"""CALA"""
367,"""CALM"""
368,"""CLMT"""
369,"""CATC"""
370,"""CAC"""
371,"""CAMT"""
372,"""CSIQ"""
373,"""CGIX"""
374,"""CPHC"""
375,"""CCBG"""
376,"""CPLP"""
377,"""CSWC"""
378,"""CPTA"""
379,"""CFFN"""
380,"""CAPR"""
381,"""CPST"""
382,"""CARA"""
383,"""CARB"""
384,"""CSII"""
385,"""CATM"""
386,"""CDNA"""
387,"""CECO"""
388,"""CTRE"""
389,"""CARO"""
390,"""CART"""
391,"""CRZO"""
392,"""TAST"""
393,"""CARV"""
394,"""CWST"""
395,"""CASY"""
396,"""CASI"""
397,"""CASS"""
398,"""SAVA"""
399,"""CATB"""
400,"""CBIO"""
401,"""CPRX"""
402,"""CATY"""
403,"""CVCO"""
404,"""CBFV"""
405,"""CBOE"""
406,"""CDK"""
407,"""CDW"""
408,"""CECE"""
409,"""CELG"""
410,"""CELGZ"""
411,"""CLDX"""
412,"""CLRB"""
413,"""CLLS"""
414,"""CBMG"""
415,"""CLSN"""
416,"""CELH"""
417,"""CYAD"""
418,"""CETX"""
419,"""CDEV"""
420,"""CSFL"""
421,"""CETV"""
422,"""CFBK"""
423,"""CENT"""
424,"""CENTA"""
425,"""CVCY"""
426,"""CTRC"""
427,"""CENX"""
428,"""CNBKA"""
429,"""CNTY"""
430,"""CRNT"""
431,"""CERC"""
432,"""CERN"""
433,"""CERS"""
434,"""CEVA"""
435,"""CSBR"""
436,"""CYOU"""
437,"""BURG"""
438,"""CTHR"""
439,"""GTLS"""
440,"""CHTR"""
441,"""CTAC"""
442,"""CHKP"""
443,"""CHEK"""
444,"""CEMI"""
445,"""CCXI"""
446,"""CHMG"""
447,"""CHFS"""
448,"""CHMA"""
449,"""PLCE"""
450,"""CMRX"""
451,"""CAAS"""
452,"""CBPO"""
453,"""CCCL"""
454,"""CCRC"""
455,"""JRJC"""
456,"""HGSH"""
457,"""CIH"""
458,"""CJJD"""
459,"""CHNR"""
460,"""CREG"""
461,"""CXDC"""
462,"""PLIN"""
463,"""CNET"""
464,"""IMOS"""
465,"""CDXC"""
466,"""CHSCL"""
467,"""CHSCM"""
468,"""CHSCN"""
469,"""CHSCO"""
470,"""CHSCP"""
471,"""CHDN"""
472,"""CHUY"""
473,"""CDTX"""
474,"""CMCT"""
475,"""CMPR"""
476,"""CINF"""
477,"""CIDM"""
478,"""CTAS"""
479,"""CRUS"""
480,"""CSCO"""
481,"""CTRN"""
482,"""CTXR"""
483,"""CZNC"""
484,"""CZWI"""
485,"""CIZN"""
486,"""CTXS"""
487,"""CHCO"""
488,"""CIVB"""
489,"""CIVBP"""
490,"""CLAR"""
491,"""CLNE"""
492,"""CLFD"""
493,"""CLRO"""
494,"""CLSD"""
495,"""CLIR"""
496,"""CBLI"""
497,"""CLVS"""
498,"""CME"""
499,"""CCNE"""
500,"""CCB"""
501,"""COKE"""
502,"""COCP"""
503,"""CODA"""
504,"""CDXS"""
505,"""CVLY"""
506,"""JVA"""
507,"""CCOI"""
508,"""CGNX"""
509,"""CTSH"""
510,"""CWBR"""
511,"""COHR"""
512,"""CHRS"""
513,"""COHU"""
514,"""CLCT"""
515,"""COLL"""
516,"""CIGI"""
517,"""CBAN"""
518,"""COLB"""
519,"""COLM"""
520,"""CMCO"""
521,"""CMCSA"""
522,"""CBSH"""
523,"""CBSHP"""
524,"""CVGI"""
525,"""COMM"""
526,"""JCS"""
527,"""ESXB"""
528,"""CTBI"""
529,"""CWBC"""
530,"""CVLT"""
531,"""CGEN"""
532,"""CPSI"""
533,"""CTG"""
534,"""SCOR"""
535,"""CHCI"""
536,"""CMTL"""
537,"""CNAT"""
538,"""CNCE"""
539,"""CDOR"""
540,"""CFMS"""
541,"""CNFR"""
542,"""CNMD"""
543,"""CNOB"""
544,"""CONN"""
545,"""CNSL"""
546,"""CWCO"""
547,"""ROAD"""
548,"""CPSS"""
549,"""CFRX"""
550,"""CPRT"""
551,"""CRBP"""
552,"""CORT"""
553,"""CORE"""
554,"""CSOD"""
555,"""CORV"""
556,"""CLDB"""
557,"""CRVL"""
558,"""CRVS"""
559,"""CSGP"""
560,"""COST"""
561,"""CPAH"""
562,"""ICBK"""
563,"""CVTI"""
564,"""COWN"""
565,"""PMTS"""
566,"""CPSH"""
567,"""CRAI"""
568,"""CBRL"""
569,"""BREW"""
570,"""CACC"""
571,"""DGLD"""
572,"""DSLV"""
573,"""GLDI"""
574,"""SLVO"""
575,"""TVIX"""
576,"""UGLD"""
577,"""USLV"""
578,"""VIIX"""
579,"""ZIV"""
580,"""CREE"""
581,"""CRESY"""
582,"""CRTO"""
583,"""CROX"""
584,"""CCRN"""
585,"""CFB"""
586,"""CRWS"""
587,"""CYRX"""
588,"""CSGS"""
589,"""CCLP"""
590,"""CSPI"""
591,"""CSWI"""
592,"""CSX"""
593,"""CTIC"""
594,"""CTIB"""
595,"""CUI"""
596,"""CPIX"""
597,"""CRIS"""
598,"""CUTR"""
599,"""CVBF"""
600,"""CVV"""
601,"""CYAN"""
602,"""CYBR"""
603,"""CYBE"""
604,"""CYCC"""
605,"""CYCCP"""
606,"""CBAY"""
607,"""CY"""
608,"""CYRN"""
609,"""CONE"""
610,"""CYTK"""
611,"""CTMX"""
612,"""CTSO"""
613,"""DJCO"""
614,"""DAKT"""
615,"""DARE"""
616,"""DRIO"""
617,"""DZSI"""
618,"""DSKE"""
619,"""DAIO"""
620,"""PLAY"""
621,"""DTEA"""
622,"""DWSN"""
623,"""DBVT"""
624,"""TACO"""
625,"""DMPI"""
626,"""DENN"""
627,"""XRAY"""
628,"""DERM"""
629,"""DXLG"""
630,"""DSWL"""
631,"""DXCM"""
632,"""DHXM"""
633,"""DMAC"""
634,"""DHIL"""
635,"""FANG"""
636,"""DRNA"""
637,"""DFFN"""
638,"""DGII"""
639,"""DMRC"""
640,"""DRAD"""
641,"""DGLY"""
642,"""APPS"""
643,"""DCOM"""
644,"""DIOD"""
645,"""DRTT"""
646,"""DISCA"""
647,"""DISCB"""
648,"""DISCK"""
649,"""DISH"""
650,"""SAUC"""
651,"""DLHC"""
652,"""BOOM"""
653,"""DNBF"""
654,"""DLTR"""
655,"""DLPN"""
656,"""DOMO"""
657,"""DGICA"""
658,"""DGICB"""
659,"""DMLP"""
660,"""DORM"""
661,"""DCAR"""
662,"""DSPG"""
663,"""DLTH"""
664,"""DNKN"""
665,"""DRRX"""
666,"""DXPE"""
667,"""DYAI"""
668,"""DYNT"""
669,"""DVAX"""
670,"""ETFC"""
671,"""SSP"""
672,"""EBMT"""
673,"""EGBN"""
674,"""EGLE"""
675,"""EGRX"""
676,"""EWBC"""
677,"""EML"""
678,"""EVGBC"""
679,"""EVSTC"""
680,"""EVLMC"""
681,"""EBAY"""
682,"""EBAYL"""
683,"""EBIX"""
684,"""ECHO"""
685,"""SATS"""
686,"""EEI"""
687,"""EDAP"""
688,"""EDSA"""
689,"""EDIT"""
690,"""EDUC"""
691,"""EGAN"""
692,"""EHTH"""
693,"""EIGR"""
694,"""EKSO"""
695,"""LOCO"""
696,"""ESLT"""
697,"""ERI"""
698,"""EA"""
699,"""ELSE"""
700,"""ESBK"""
701,"""ELOX"""
702,"""ELTK"""
703,"""EMCF"""
704,"""EMKR"""
705,"""EMMS"""
706,"""NYNY"""
707,"""ENTA"""
708,"""ECPG"""
709,"""WIRE"""
710,"""ENDP"""
711,"""ELGX"""
712,"""EIGI"""
713,"""WATT"""
714,"""EFOI"""
715,"""ERII"""
716,"""ENG"""
717,"""ENLV"""
718,"""ENPH"""
719,"""ESGR"""
720,"""ENFC"""
721,"""ENTG"""
722,"""EBTC"""
723,"""EFSC"""
724,"""EVSI"""
725,"""EPZM"""
726,"""PLUS"""
727,"""EPSN"""
728,"""EQ"""
729,"""EQIX"""
730,"""EQBK"""
731,"""ERIC"""
732,"""ERIE"""
733,"""ERYP"""
734,"""ESCA"""
735,"""ESPR"""
736,"""ESSA"""
737,"""EPIX"""
738,"""ESTR"""
739,"""VBND"""
740,"""VUSE"""
741,"""VIDI"""
742,"""ETON"""
743,"""ETSY"""
744,"""CLWT"""
745,"""EEFT"""
746,"""ESEA"""
747,"""EVK"""
748,"""EVFM"""
749,"""EVGN"""
750,"""EVOK"""
751,"""EVOL"""
752,"""EXAS"""
753,"""FLAG"""
754,"""ROBO"""
755,"""XELA"""
756,"""EXEL"""
757,"""EXC"""
758,"""EXFO"""
759,"""EXLS"""
760,"""EXPI"""
761,"""EXPE"""
762,"""EXPD"""
763,"""EXPO"""
764,"""STAY"""
765,"""EXTR"""
766,"""EYEG"""
767,"""EYPT"""
768,"""EZPW"""
769,"""FFIV"""
770,"""FB"""
771,"""DUO"""
772,"""FANH"""
773,"""FARM"""
774,"""FMAO"""
775,"""FMNB"""
776,"""FARO"""
777,"""FAST"""
778,"""FATE"""
779,"""FBSS"""
780,"""FNHC"""
781,"""GSM"""
782,"""FCSC"""
783,"""FGEN"""
784,"""FDBC"""
785,"""ONEQ"""
786,"""FDUS"""
787,"""FRGI"""
788,"""FITB"""
789,"""FITBI"""
790,"""FITBP"""
791,"""FISI"""
792,"""FNJN"""
793,"""FEYE"""
794,"""FBNC"""
795,"""FNLC"""
796,"""FRBA"""
797,"""BUSE"""
798,"""FBIZ"""
799,"""FCAP"""
800,"""FCNCA"""
801,"""FCBC"""
802,"""FCCO"""
803,"""FDEF"""
804,"""FFBC"""
805,"""FFIN"""
806,"""THFF"""
807,"""FFNW"""
808,"""FFWM"""
809,"""FGBI"""
810,"""FHB"""
811,"""INBK"""
812,"""FIBK"""
813,"""FRME"""
814,"""FMBH"""
815,"""FMBI"""
816,"""FXNC"""
817,"""FNWB"""
818,"""FSFG"""
819,"""FSLR"""
820,"""FAAR"""
821,"""FPA"""
822,"""BICK"""
823,"""FBZ"""
824,"""FTHI"""
825,"""FCAN"""
826,"""FTCS"""
827,"""FCA"""
828,"""SKYY"""
829,"""FDT"""
830,"""FDTS"""
831,"""FVC"""
832,"""FV"""
833,"""IFV"""
834,"""DDIV"""
835,"""FEM"""
836,"""FEMB"""
837,"""FEMS"""
838,"""FTSM"""
839,"""FEP"""
840,"""FEUZ"""
841,"""FGM"""
842,"""FTGC"""
843,"""FTLB"""
844,"""HYLS"""
845,"""FHK"""
846,"""NFTY"""
847,"""FTAG"""
848,"""FTRI"""
849,"""NXTG"""
850,"""FPXI"""
851,"""FJP"""
852,"""FEX"""
853,"""FTC"""
854,"""FTA"""
855,"""FLN"""
856,"""LMBS"""
857,"""FMB"""
858,"""FMK"""
859,"""FNX"""
860,"""FNY"""
861,"""FNK"""
862,"""FAD"""
863,"""FAB"""
864,"""MDIV"""
865,"""QABA"""
866,"""QCLN"""
867,"""GRID"""
868,"""CIBR"""
869,"""CARZ"""
870,"""TDIV"""
871,"""QQEW"""
872,"""QQXT"""
873,"""QTEC"""
874,"""AIRR"""
875,"""RDVY"""
876,"""RFAP"""
877,"""RFDI"""
878,"""RFEM"""
879,"""RFEU"""
880,"""FID"""
881,"""FTSL"""
882,"""FYX"""
883,"""FYC"""
884,"""FYT"""
885,"""FKO"""
886,"""FCVT"""
887,"""FDIV"""
888,"""FSZ"""
889,"""TUSA"""
890,"""FKU"""
891,"""FUNC"""
892,"""FUSB"""
893,"""FCFS"""
894,"""SVVC"""
895,"""FSV"""
896,"""FISV"""
897,"""FIVE"""
898,"""FPRX"""
899,"""FVE"""
900,"""FIVN"""
901,"""FLEX"""
902,"""FLXN"""
903,"""SKOR"""
904,"""LKOR"""
905,"""MBSD"""
906,"""ASET"""
907,"""QLC"""
908,"""FPAY"""
909,"""FLXS"""
910,"""FLIR"""
911,"""FLNT"""
912,"""FLDM"""
913,"""FFIC"""
914,"""FNCB"""
915,"""FOMX"""
916,"""FONR"""
917,"""FORM"""
918,"""FORTY"""
919,"""FORR"""
920,"""FTNT"""
921,"""FBIO"""
922,"""FWRD"""
923,"""FORD"""
924,"""FWP"""
925,"""FOSL"""
926,"""FOXF"""
927,"""FRAN"""
928,"""FELE"""
929,"""FRAF"""
930,"""RAIL"""
931,"""FEIM"""
932,"""FRPT"""
933,"""FTEO"""
934,"""FTR"""
935,"""FRPH"""
936,"""FSBW"""
937,"""FSBC"""
938,"""FTEK"""
939,"""FCEL"""
940,"""FORK"""
941,"""FLL"""
942,"""FULT"""
943,"""FTFT"""
944,"""FFHL"""
945,"""FVCB"""
946,"""WILC"""
947,"""GAIA"""
948,"""GLPG"""
949,"""GALT"""
950,"""GLMD"""
951,"""GLPI"""
952,"""GRMN"""
953,"""GARS"""
954,"""GLIBA"""
955,"""GLIBP"""
956,"""GENC"""
957,"""GFN"""
958,"""GFNCP"""
959,"""GENE"""
960,"""GNFT"""
961,"""GNUS"""
962,"""GMAB"""
963,"""GNMK"""
964,"""GNCA"""
965,"""GNTX"""
966,"""THRM"""
967,"""GEOS"""
968,"""GABC"""
969,"""GERN"""
970,"""GEVO"""
971,"""ROCK"""
972,"""GIGM"""
973,"""GIII"""
974,"""GILT"""
975,"""GILD"""
976,"""GBCI"""
977,"""GLAD"""
978,"""GOOD"""
979,"""GOODM"""
980,"""GAIN"""
981,"""LAND"""
982,"""GLBZ"""
983,"""GBT"""
984,"""ENT"""
985,"""GBLI"""
986,"""GBLIZ"""
987,"""SELF"""
988,"""GWRS"""
989,"""BUG"""
990,"""DAX"""
991,"""CHIC"""
992,"""GNOM"""
993,"""BFIT"""
994,"""LNGR"""
995,"""MILN"""
996,"""QYLD"""
997,"""CATH"""
998,"""SOCL"""
999,"""ALTY"""
1000,"""SRET"""
1001,"""YLCO"""
1002,"""GLBS"""
1003,"""GLUU"""
1004,"""GLYC"""
1005,"""GOGO"""
1006,"""GLNG"""
1007,"""GMLP"""
1008,"""GDEN"""
1009,"""GOGL"""
1010,"""GBDC"""
1011,"""GTIM"""
1012,"""GPRO"""
1013,"""LOPE"""
1014,"""GRVY"""
1015,"""GECC"""
1016,"""GEC"""
1017,"""GLDD"""
1018,"""GSBC"""
1019,"""GRBK"""
1020,"""GPP"""
1021,"""GPRE"""
1022,"""GCBC"""
1023,"""GLRE"""
1024,"""GRIF"""
1025,"""GRFS"""
1026,"""GRPN"""
1027,"""OMAB"""
1028,"""GGAL"""
1029,"""GVP"""
1030,"""GSIT"""
1031,"""GFED"""
1032,"""GIFI"""
1033,"""GURE"""
1034,"""GPOR"""
1035,"""GWPH"""
1036,"""GWGH"""
1037,"""GYRO"""
1038,"""HEES"""
1039,"""HLG"""
1040,"""HNRG"""
1041,"""HALL"""
1042,"""HALO"""
1043,"""HWC"""
1044,"""HWCPL"""
1045,"""HAFC"""
1046,"""HLIT"""
1047,"""HROW"""
1048,"""HBIO"""
1049,"""HCAP"""
1050,"""HAS"""
1051,"""HA"""
1052,"""HWKN"""
1053,"""HWBK"""
1054,"""HAYN"""
1055,"""HDS"""
1056,"""HIIQ"""
1057,"""HCSG"""
1058,"""HQY"""
1059,"""HSTM"""
1060,"""HTLD"""
1061,"""HTLF"""
1062,"""HTBX"""
1063,"""HSII"""
1064,"""HELE"""
1065,"""HLIO"""
1066,"""HSDT"""
1067,"""HMTV"""
1068,"""HNNA"""
1069,"""HSIC"""
1070,"""HEPA"""
1071,"""HTBK"""
1072,"""HFWA"""
1073,"""HCCI"""
1074,"""MLHR"""
1075,"""HRTX"""
1076,"""HSKA"""
1077,"""HIBB"""
1078,"""SNLN"""
1079,"""HIHO"""
1080,"""HIMX"""
1081,"""HIFS"""
1082,"""HQI"""
1083,"""HMNF"""
1084,"""HMSY"""
1085,"""HOLI"""
1086,"""HOLX"""
1087,"""HBCP"""
1088,"""HOMB"""
1089,"""HFBL"""
1090,"""HMST"""
1091,"""HTBI"""
1092,"""HOFT"""
1093,"""HOPE"""
1094,"""HBNC"""
1095,"""HRZN"""
1096,"""HZNP"""
1097,"""TWNK"""
1098,"""TWNKW"""
1099,"""HMHC"""
1100,"""HWCC"""
1101,"""HOVNP"""
1102,"""HBMD"""
1103,"""HTGM"""
1104,"""HTHT"""
1105,"""HUBG"""
1106,"""HSON"""
1107,"""HDSN"""
1108,"""HHT"""
1109,"""HBAN"""
1110,"""HBANO"""
1111,"""HURC"""
1112,"""HURN"""
1113,"""HCM"""
1114,"""HBP"""
1115,"""IAC"""
1116,"""IBKC"""
1117,"""IBKCO"""
1118,"""IBKCP"""
1119,"""ICAD"""
1120,"""IEP"""
1121,"""ICFI"""
1122,"""ICLR"""
1123,"""ICON"""
1124,"""ICUI"""
1125,"""IPWR"""
1126,"""IDEX"""
1127,"""INVE"""
1128,"""IDRA"""
1129,"""IDXX"""
1130,"""IESC"""
1131,"""IROQ"""
1132,"""INFO"""
1133,"""IIVI"""
1134,"""IKNX"""
1135,"""ILMN"""
1136,"""ISNS"""
1137,"""IMBI"""
1138,"""IMMR"""
1139,"""ICCC"""
1140,"""IMUX"""
1141,"""IMGN"""
1142,"""IMMU"""
1143,"""IMMP"""
1144,"""PI"""
1145,"""IMV"""
1146,"""INCY"""
1147,"""INDB"""
1148,"""IBCP"""
1149,"""IBTX"""
1150,"""IDSA"""
1151,"""IMKTA"""
1152,"""INMD"""
1153,"""INWK"""
1154,"""INOD"""
1155,"""IPHS"""
1156,"""IOSP"""
1157,"""ISSC"""
1158,"""INVA"""
1159,"""INGN"""
1160,"""INOV"""
1161,"""INO"""
1162,"""INPX"""
1163,"""INSG"""
1164,"""NSIT"""
1165,"""ISIG"""
1166,"""INSM"""
1167,"""INSE"""
1168,"""IIIN"""
1169,"""PODD"""
1170,"""NTEC"""
1171,"""IART"""
1172,"""INTC"""
1173,"""NTLA"""
1174,"""IPAR"""
1175,"""IBKR"""
1176,"""ICPT"""
1177,"""IDCC"""
1178,"""TILE"""
1179,"""INAP"""
1180,"""IBOC"""
1181,"""IGLD"""
1182,"""IDXG"""
1183,"""XENT"""
1184,"""IPLDP"""
1185,"""IVAC"""
1186,"""INTL"""
1187,"""ITCI"""
1188,"""XON"""
1189,"""IIN"""
1190,"""INTU"""
1191,"""ISRG"""
1192,"""PLW"""
1193,"""ADRA"""
1194,"""ADRD"""
1195,"""ADRE"""
1196,"""ADRU"""
1197,"""PKW"""
1198,"""PFM"""
1199,"""PYZ"""
1200,"""PEZ"""
1201,"""PSL"""
1202,"""PIZ"""
1203,"""PIE"""
1204,"""PXI"""
1205,"""PFI"""
1206,"""PTH"""
1207,"""PDP"""
1208,"""DWAQ"""
1209,"""DWAS"""
1210,"""DWIN"""
1211,"""DWTR"""
1212,"""PTF"""
1213,"""PUI"""
1214,"""IDLB"""
1215,"""PRFZ"""
1216,"""PIO"""
1217,"""PGJ"""
1218,"""PEY"""
1219,"""IPKW"""
1220,"""PID"""
1221,"""KBWB"""
1222,"""KBWD"""
1223,"""KBWY"""
1224,"""KBWP"""
1225,"""KBWR"""
1226,"""LDRI"""
1227,"""PNQI"""
1228,"""PDBC"""
1229,"""QQQ"""
1230,"""IUS"""
1231,"""USLB"""
1232,"""PSCD"""
1233,"""PSCC"""
1234,"""PSCE"""
1235,"""PSCF"""
1236,"""PSCH"""
1237,"""PSCI"""
1238,"""PSCT"""
1239,"""PSCM"""
1240,"""PSCU"""
1241,"""PHO"""
1242,"""ISTR"""
1243,"""ICMB"""
1244,"""ISBC"""
1245,"""ITIC"""
1246,"""NVIV"""
1247,"""IONS"""
1248,"""IOVA"""
1249,"""IPGP"""
1250,"""IRMD"""
1251,"""IRIX"""
1252,"""IRDM"""
1253,"""IRBT"""
1254,"""IRWD"""
1255,"""IRCP"""
1256,"""SLQD"""
1257,"""ISHG"""
1258,"""SHY"""
1259,"""TLT"""
1260,"""IEI"""
1261,"""IEF"""
1262,"""AIA"""
1263,"""USIG"""
1264,"""COMT"""
1265,"""ISTB"""
1266,"""IXUS"""
1267,"""IUSG"""
1268,"""IUSV"""
1269,"""IUSB"""
1270,"""HEWG"""
1271,"""XT"""
1272,"""FALN"""
1273,"""IFEU"""
1274,"""IFGL"""
1275,"""IGF"""
1276,"""GNMA"""
1277,"""HYXE"""
1278,"""IGIB"""
1279,"""IGOV"""
1280,"""EMB"""
1281,"""MBB"""
1282,"""JKI"""
1283,"""ACWX"""
1284,"""ACWI"""
1285,"""AAXJ"""
1286,"""EWZS"""
1287,"""MCHI"""
1288,"""SCZ"""
1289,"""EEMA"""
1290,"""EUFN"""
1291,"""IEUS"""
1292,"""RING"""
1293,"""SDG"""
1294,"""ENZL"""
1295,"""QAT"""
1296,"""TUR"""
1297,"""UAE"""
1298,"""IBB"""
1299,"""SOXX"""
1300,"""PFF"""
1301,"""EMIF"""
1302,"""ICLN"""
1303,"""WOOD"""
1304,"""INDY"""
1305,"""IJT"""
1306,"""DVY"""
1307,"""SHV"""
1308,"""IGSB"""
1309,"""ITMR"""
1310,"""ITI"""
1311,"""ITRI"""
1312,"""ITRN"""
1313,"""ISEE"""
1314,"""IZEA"""
1315,"""JJSF"""
1316,"""MAYS"""
1317,"""JBHT"""
1318,"""JCOM"""
1319,"""JKHY"""
1320,"""JACK"""
1321,"""JAGX"""
1322,"""JAKK"""
1323,"""JRVR"""
1324,"""JAN"""
1325,"""JSML"""
1326,"""JSMD"""
1327,"""JASN"""
1328,"""JAZZ"""
1329,"""JD"""
1330,"""JBLU"""
1331,"""JCTCF"""
1332,"""JMU"""
1333,"""JBSS"""
1334,"""JOUT"""
1335,"""KALU"""
1336,"""KALV"""
1337,"""KMDA"""
1338,"""KNDI"""
1339,"""KPTI"""
1340,"""KZIA"""
1341,"""KBSF"""
1342,"""KRNY"""
1343,"""KELYA"""
1344,"""KELYB"""
1345,"""KMPH"""
1346,"""KFFB"""
1347,"""KEQU"""
1348,"""KTCC"""
1349,"""KFRC"""
1350,"""KE"""
1351,"""KBAL"""
1352,"""KIN"""
1353,"""KGJI"""
1354,"""KINS"""
1355,"""KIRK"""
1356,"""KTOV"""
1357,"""KLAC"""
1358,"""KOD"""
1359,"""KOPN"""
1360,"""KRNT"""
1361,"""KOSS"""
1362,"""KWEB"""
1363,"""KTOS"""
1364,"""KLIC"""
1365,"""KURA"""
1366,"""KVHI"""
1367,"""FSTR"""
1368,"""LJPC"""
1369,"""LSBK"""
1370,"""LBAI"""
1371,"""LKFN"""
1372,"""LAKE"""
1373,"""LRCX"""
1374,"""LAMR"""
1375,"""LANC"""
1376,"""LNDC"""
1377,"""LARK"""
1378,"""LMRK"""
1379,"""LMRKP"""
1380,"""LE"""
1381,"""LSTR"""
1382,"""LNTH"""
1383,"""LTRX"""
1384,"""LSCC"""
1385,"""LAWS"""
1386,"""LCNB"""
1387,"""LVHD"""
1388,"""LMAT"""
1389,"""TREE"""
1390,"""LXRX"""
1391,"""LGIH"""
1392,"""LHCG"""
1393,"""LLIT"""
1394,"""LBRDA"""
1395,"""LBRDK"""
1396,"""LBTYA"""
1397,"""LBTYB"""
1398,"""LBTYK"""
1399,"""LILA"""
1400,"""LILAK"""
1401,"""BATRA"""
1402,"""BATRK"""
1403,"""FWONA"""
1404,"""FWONK"""
1405,"""LSXMA"""
1406,"""LSXMB"""
1407,"""LSXMK"""
1408,"""LTRPA"""
1409,"""LTRPB"""
1410,"""LCUT"""
1411,"""LFVN"""
1412,"""LWAY"""
1413,"""LGND"""
1414,"""LTBR"""
1415,"""LPTH"""
1416,"""LLEX"""
1417,"""LMB"""
1418,"""LLNW"""
1419,"""LMST"""
1420,"""LMNR"""
1421,"""LINC"""
1422,"""LECO"""
1423,"""LIND"""
1424,"""LPCN"""
1425,"""LIQT"""
1426,"""YVR"""
1427,"""LQDT"""
1428,"""LFUS"""
1429,"""LIVN"""
1430,"""LOB"""
1431,"""LIVE"""
1432,"""LPSN"""
1433,"""LKQ"""
1434,"""LMFA"""
1435,"""LOGI"""
1436,"""LOGM"""
1437,"""CNCR"""
1438,"""LONE"""
1439,"""LORL"""
1440,"""LPLA"""
1441,"""LYTS"""
1442,"""LULU"""
1443,"""LITE"""
1444,"""LMNX"""
1445,"""LUNA"""
1446,"""LBC"""
1447,"""MCBC"""
1448,"""MFNC"""
1449,"""MTSI"""
1450,"""MGNX"""
1451,"""MDGL"""
1452,"""MAGS"""
1453,"""MGLN"""
1454,"""MGIC"""
1455,"""MGYR"""
1456,"""MHLD"""
1457,"""MNSB"""
1458,"""MJCO"""
1459,"""MMYT"""
1460,"""MBUU"""
1461,"""MLVF"""
1462,"""MANH"""
1463,"""LOAN"""
1464,"""MNTX"""
1465,"""MTEX"""
1466,"""MNKD"""
1467,"""MANT"""
1468,"""MARA"""
1469,"""MCHX"""
1470,"""MRIN"""
1471,"""MARPS"""
1472,"""MRNS"""
1473,"""MRKR"""
1474,"""MKTX"""
1475,"""MRLN"""
1476,"""MAR"""
1477,"""MBII"""
1478,"""MRTN"""
1479,"""MMLP"""
1480,"""MRVL"""
1481,"""MASI"""
1482,"""MCFT"""
1483,"""MTCH"""
1484,"""MTLS"""
1485,"""MTRX"""
1486,"""MAT"""
1487,"""MATW"""
1488,"""MXIM"""
1489,"""MGRC"""
1490,"""MDCA"""
1491,"""MFIN"""
1492,"""MFINL"""
1493,"""MNOV"""
1494,"""MDGS"""
1495,"""MDWD"""
1496,"""MEIP"""
1497,"""MLCO"""
1498,"""MLNT"""
1499,"""MLNX"""
1500,"""MTSL"""
1501,"""MELI"""
1502,"""MBWM"""
1503,"""MERC"""
1504,"""MRCY"""
1505,"""EBSB"""
1506,"""VIVO"""
1507,"""MMSI"""
1508,"""MACK"""
1509,"""MRUS"""
1510,"""MLAB"""
1511,"""CASH"""
1512,"""MEOH"""
1513,"""MGEE"""
1514,"""MGPI"""
1515,"""MBOT"""
1516,"""MCHP"""
1517,"""MU"""
1518,"""MSFT"""
1519,"""MSTR"""
1520,"""MVIS"""
1521,"""MICT"""
1522,"""MPB"""
1523,"""MTP"""
1524,"""MCEP"""
1525,"""MBCN"""
1526,"""MSEX"""
1527,"""MSBI"""
1528,"""MSVB"""
1529,"""MOFG"""
1530,"""MLND"""
1531,"""MIME"""
1532,"""MNDO"""
1533,"""NERV"""
1534,"""MGEN"""
1535,"""MRTX"""
1536,"""MSON"""
1537,"""MIND"""
1538,"""MINDP"""
1539,"""MITK"""
1540,"""MKSI"""
1541,"""MMAC"""
1542,"""MTC"""
1543,"""MINI"""
1544,"""MOBL"""
1545,"""MWK"""
1546,"""MTEM"""
1547,"""MBRX"""
1548,"""MNTA"""
1549,"""MOMO"""
1550,"""MKGI"""
1551,"""MCRI"""
1552,"""MDLZ"""
1553,"""MGI"""
1554,"""MPWR"""
1555,"""MNRO"""
1556,"""MRCC"""
1557,"""MNST"""
1558,"""MORN"""
1559,"""MOSY"""
1560,"""MPAA"""
1561,"""MPVD"""
1562,"""MOXC"""
1563,"""COOP"""
1564,"""MSBF"""
1565,"""MTBC"""
1566,"""MTBCP"""
1567,"""MTSC"""
1568,"""MFSF"""
1569,"""MVBF"""
1570,"""MYL"""
1571,"""MYOK"""
1572,"""MYOS"""
1573,"""MYRG"""
1574,"""MYGN"""
1575,"""NBRV"""
1576,"""NAKD"""
1577,"""NNDM"""
1578,"""NSTG"""
1579,"""NAOV"""
1580,"""NH"""
1581,"""NK"""
1582,"""NSSC"""
1583,"""NDAQ"""
1584,"""NTRA"""
1585,"""NATH"""
1586,"""NKSH"""
1587,"""FIZZ"""
1588,"""NCMI"""
1589,"""NGHC"""
1590,"""NGHCO"""
1591,"""NGHCP"""
1592,"""NGHCZ"""
1593,"""NHLD"""
1594,"""NATI"""
1595,"""NRC"""
1596,"""NSEC"""
1597,"""NWLI"""
1598,"""NAII"""
1599,"""NHTC"""
1600,"""NATR"""
1601,"""NTUS"""
1602,"""JSM"""
1603,"""NAVI"""
1604,"""NBTB"""
1605,"""NKTR"""
1606,"""NMRD"""
1607,"""NEOG"""
1608,"""NEO"""
1609,"""NLTX"""
1610,"""NEON"""
1611,"""NEOS"""
1612,"""NVCN"""
1613,"""NEPH"""
1614,"""NEPT"""
1615,"""UEPS"""
1616,"""NETE"""
1617,"""NTAP"""
1618,"""NTES"""
1619,"""NFLX"""
1620,"""NTGR"""
1621,"""NTCT"""
1622,"""NTWK"""
1623,"""NBIX"""
1624,"""NURO"""
1625,"""NBEV"""
1626,"""NFE"""
1627,"""NPA"""
1628,"""NYMT"""
1629,"""NYMTO"""
1630,"""NYMTP"""
1631,"""NWL"""
1632,"""NLNK"""
1633,"""NWS"""
1634,"""NWSA"""
1635,"""NEWT"""
1636,"""NXST"""
1637,"""NEXT"""
1638,"""NXGN"""
1639,"""BIMI"""
1640,"""NGM"""
1641,"""EGOV"""
1642,"""NICE"""
1643,"""NICK"""
1644,"""NCBS"""
1645,"""NIHD"""
1646,"""NIU"""
1647,"""NMIH"""
1648,"""NNBR"""
1649,"""NDLS"""
1650,"""NDSN"""
1651,"""NSYS"""
1652,"""NBN"""
1653,"""NTIC"""
1654,"""NTRS"""
1655,"""NTRSP"""
1656,"""NFBK"""
1657,"""NRIM"""
1658,"""NWBI"""
1659,"""NWPX"""
1660,"""NCLH"""
1661,"""NWFL"""
1662,"""NVFY"""
1663,"""NVMI"""
1664,"""NOVT"""
1665,"""NVAX"""
1666,"""NVCR"""
1667,"""NVUS"""
1668,"""NUAN"""
1669,"""NUVA"""
1670,"""NVTR"""
1671,"""QQQX"""
1672,"""NVEE"""
1673,"""NVEC"""
1674,"""NVDA"""
1675,"""NXPI"""
1676,"""NXTD"""
1677,"""NYMX"""
1678,"""OIIM"""
1679,"""OVLY"""
1680,"""OCSL"""
1681,"""OCSLL"""
1682,"""OCSI"""
1683,"""OBCI"""
1684,"""OPTT"""
1685,"""OCFC"""
1686,"""OFED"""
1687,"""OCGN"""
1688,"""OCUL"""
1689,"""OMEX"""
1690,"""ODP"""
1691,"""OPI"""
1692,"""OPINI"""
1693,"""OFS"""
1694,"""OCCI"""
1695,"""OHAI"""
1696,"""OVBC"""
1697,"""ODFL"""
1698,"""OLBK"""
1699,"""ONB"""
1700,"""OPOF"""
1701,"""OSBC"""
1702,"""OSBCP"""
1703,"""OLLI"""
1704,"""ZEUS"""
1705,"""OFLX"""
1706,"""OMER"""
1707,"""OMCL"""
1708,"""ON"""
1709,"""ONCY"""
1710,"""ONTX"""
1711,"""ONCS"""
1712,"""ONCT"""
1713,"""OSPN"""
1714,"""OSW"""
1715,"""OPBK"""
1716,"""OTEX"""
1717,"""OPRA"""
1718,"""OPGN"""
1719,"""OPNT"""
1720,"""OPK"""
1721,"""OBAS"""
1722,"""OCC"""
1723,"""OPRX"""
1724,"""OPHC"""
1725,"""BIOS"""
1726,"""OPB"""
1727,"""ORMP"""
1728,"""OSUR"""
1729,"""ORBC"""
1730,"""ORLY"""
1731,"""OGI"""
1732,"""ONVO"""
1733,"""ORGS"""
1734,"""SEED"""
1735,"""OESX"""
1736,"""ORIT"""
1737,"""ORRF"""
1738,"""OFIX"""
1739,"""OSIS"""
1740,"""OSN"""
1741,"""OTEL"""
1742,"""OTIC"""
1743,"""OTTW"""
1744,"""OTTR"""
1745,"""OTLK"""
1746,"""OSTK"""
1747,"""OXBR"""
1748,"""OXFD"""
1749,"""OXLC"""
1750,"""OXLCO"""
1751,"""OXSQ"""
1752,"""PFIN"""
1753,"""PTSI"""
1754,"""PCAR"""
1755,"""PACB"""
1756,"""PEIX"""
1757,"""PMBC"""
1758,"""PPBI"""
1759,"""PCRX"""
1760,"""PACW"""
1761,"""PAAS"""
1762,"""PANL"""
1763,"""PZZA"""
1764,"""PRTK"""
1765,"""TEUM"""
1766,"""PCYG"""
1767,"""PKBK"""
1768,"""PTNR"""
1769,"""PBHC"""
1770,"""PATK"""
1771,"""PNBK"""
1772,"""PATI"""
1773,"""PEGI"""
1774,"""PDCO"""
1775,"""PTEN"""
1776,"""PAYX"""
1777,"""PCTY"""
1778,"""PYPL"""
1779,"""PAYS"""
1780,"""PBBI"""
1781,"""CNXN"""
1782,"""PCB"""
1783,"""PCTI"""
1784,"""PDCE"""
1785,"""PDFS"""
1786,"""PDLI"""
1787,"""PDSB"""
1788,"""PGC"""
1789,"""PEGA"""
1790,"""PENN"""
1791,"""PFLT"""
1792,"""PNNT"""
1793,"""PWOD"""
1794,"""PEBO"""
1795,"""PEBK"""
1796,"""PFIS"""
1797,"""PBCT"""
1798,"""PUB"""
1799,"""PEP"""
1800,"""PRCP"""
1801,"""PRFT"""
1802,"""DCIX"""
1803,"""PFMT"""
1804,"""PERI"""
1805,"""PESI"""
1806,"""PPIH"""
1807,"""PETS"""
1808,"""PFSW"""
1809,"""PGTI"""
1810,"""PAHC"""
1811,"""PHIO"""
1812,"""PLAB"""
1813,"""PICO"""
1814,"""PIRS"""
1815,"""PPC"""
1816,"""PME"""
1817,"""PNFP"""
1818,"""PPSI"""
1819,"""PXLW"""
1820,"""PLYA"""
1821,"""PLXS"""
1822,"""PLUG"""
1823,"""PLBC"""
1824,"""PS"""
1825,"""PSTI"""
1826,"""PSTV"""
1827,"""PLXP"""
1828,"""PCOM"""
1829,"""PTE"""
1830,"""POOL"""
1831,"""POPE"""
1832,"""BPOP"""
1833,"""BPOPM"""
1834,"""BPOPN"""
1835,"""PTMN"""
1836,"""PTLA"""
1837,"""PBPB"""
1838,"""PCH"""
1839,"""POWL"""
1840,"""POWI"""
1841,"""PRAA"""
1842,"""PRAH"""
1843,"""DTIL"""
1844,"""POAI"""
1845,"""PFBC"""
1846,"""PLPC"""
1847,"""PFBI"""
1848,"""PINC"""
1849,"""PRGX"""
1850,"""PSMT"""
1851,"""PNRG"""
1852,"""PRMW"""
1853,"""PRIM"""
1854,"""PFG"""
1855,"""PSET"""
1856,"""PY"""
1857,"""PLC"""
1858,"""PSM"""
1859,"""PDEX"""
1860,"""IPDN"""
1861,"""PFIE"""
1862,"""PGNX"""
1863,"""PRGS"""
1864,"""PFPT"""
1865,"""PRPH"""
1866,"""PRQR"""
1867,"""BIB"""
1868,"""UBIO"""
1869,"""TQQQ"""
1870,"""ZBIO"""
1871,"""SQQQ"""
1872,"""BIS"""
1873,"""PSEC"""
1874,"""PTVCA"""
1875,"""PTVCB"""
1876,"""PRTO"""
1877,"""PTI"""
1878,"""PRTA"""
1879,"""PVBC"""
1880,"""PROV"""
1881,"""PBIP"""
1882,"""PMD"""
1883,"""PTC"""
1884,"""PTCT"""
1885,"""PULM"""
1886,"""PLSE"""
1887,"""PBYI"""
1888,"""PCYO"""
1889,"""PRPL"""
1890,"""PXS"""
1891,"""QADA"""
1892,"""QADB"""
1893,"""QCRH"""
1894,"""QGEN"""
1895,"""QIWI"""
1896,"""QRVO"""
1897,"""QCOM"""
1898,"""QBAK"""
1899,"""QLYS"""
1900,"""QTRH"""
1901,"""QRHC"""
1902,"""QUIK"""
1903,"""QDEL"""
1904,"""QNST"""
1905,"""QUMU"""
1906,"""QTNT"""
1907,"""QRTEA"""
1908,"""QRTEB"""
1909,"""RRD"""
1910,"""RCM"""
1911,"""RADA"""
1912,"""RDCM"""
1913,"""RDUS"""
1914,"""RDNT"""
1915,"""RDWR"""
1916,"""RMBS"""
1917,"""RAND"""
1918,"""RPD"""
1919,"""RAVE"""
1920,"""RAVN"""
1921,"""ROLL"""
1922,"""RICK"""
1923,"""RCMT"""
1924,"""RDI"""
1925,"""RNWK"""
1926,"""RP"""
1927,"""RETA"""
1928,"""RCON"""
1929,"""REPH"""
1930,"""RRGB"""
1931,"""RRR"""
1932,"""RDHL"""
1933,"""REED"""
1934,"""REG"""
1935,"""REGN"""
1936,"""RGNX"""
1937,"""RGLS"""
1938,"""RBNC"""
1939,"""RELV"""
1940,"""MARK"""
1941,"""RNST"""
1942,"""REGI"""
1943,"""RCII"""
1944,"""RGEN"""
1945,"""RBCAA"""
1946,"""FRBK"""
1947,"""REFR"""
1948,"""RESN"""
1949,"""RECN"""
1950,"""ROIC"""
1951,"""RTRX"""
1952,"""RVNC"""
1953,"""RWLK"""
1954,"""REXN"""
1955,"""RFIL"""
1956,"""RGCO"""
1957,"""RBBN"""
1958,"""RIBT"""
1959,"""RELL"""
1960,"""RIGL"""
1961,"""RNET"""
1962,"""RMNI"""
1963,"""RIOT"""
1964,"""RTTR"""
1965,"""RVSB"""
1966,"""RIVE"""
1967,"""RCKT"""
1968,"""RMTI"""
1969,"""RCKY"""
1970,"""RMCF"""
1971,"""ROSE"""
1972,"""ROSEU"""
1973,"""ROST"""
1974,"""RGLD"""
1975,"""RTIX"""
1976,"""RBCN"""
1977,"""RUBY"""
1978,"""RMBL"""
1979,"""RUSHA"""
1980,"""RUSHB"""
1981,"""RUTH"""
1982,"""RYAAY"""
1983,"""STBA"""
1984,"""SANW"""
1985,"""SBRA"""
1986,"""SABR"""
1987,"""SAEX"""
1988,"""SAFT"""
1989,"""SGA"""
1990,"""SAGE"""
1991,"""SAIA"""
1992,"""SLRX"""
1993,"""SALM"""
1994,"""SAL"""
1995,"""SAFM"""
1996,"""SASR"""
1997,"""SGMO"""
1998,"""SANM"""
1999,"""GCVRZ"""
2000,"""SNY"""
2001,"""SPNS"""
2002,"""SRPT"""
2003,"""STSA"""
2004,"""SBFG"""
2005,"""SBFGP"""
2006,"""SBBX"""
2007,"""SBAC"""
2008,"""SCSC"""
2009,"""SMIT"""
2010,"""SCHN"""
2011,"""SCHL"""
2012,"""SGMS"""
2013,"""SCYX"""
2014,"""SEAC"""
2015,"""SBCF"""
2016,"""STX"""
2017,"""SHIP"""
2018,"""SPNE"""
2019,"""SGEN"""
2020,"""EYES"""
2021,"""SCWX"""
2022,"""SNFCA"""
2023,"""SEEL"""
2024,"""SEIC"""
2025,"""SLCT"""
2026,"""SELB"""
2027,"""SIGI"""
2028,"""SLS"""
2029,"""LEDS"""
2030,"""SMTC"""
2031,"""SENEA"""
2032,"""SENEB"""
2033,"""SNH"""
2034,"""SNHNI"""
2035,"""SQBG"""
2036,"""MCRB"""
2037,"""SVC"""
2038,"""SREV"""
2039,"""SFBS"""
2040,"""SESN"""
2041,"""SVBI"""
2042,"""SGOC"""
2043,"""SMED"""
2044,"""SHSP"""
2045,"""SHEN"""
2046,"""SHLO"""
2047,"""SCVL"""
2048,"""SHBI"""
2049,"""SIEB"""
2050,"""SIEN"""
2051,"""BSRR"""
2052,"""SRRA"""
2053,"""SWIR"""
2054,"""SIFY"""
2055,"""SIGA"""
2056,"""SGLB"""
2057,"""SGMA"""
2058,"""SBNY"""
2059,"""SLGN"""
2060,"""SILC"""
2061,"""SLAB"""
2062,"""SIMO"""
2063,"""SILK"""
2064,"""SAMG"""
2065,"""SSNT"""
2066,"""SFNC"""
2067,"""SLP"""
2068,"""SINA"""
2069,"""SBGI"""
2070,"""SINO"""
2071,"""SINT"""
2072,"""SG"""
2073,"""SIRI"""
2074,"""SITO"""
2075,"""SKYS"""
2076,"""SKYW"""
2077,"""SWKS"""
2078,"""SNBR"""
2079,"""SLM"""
2080,"""SLMBP"""
2081,"""SMBK"""
2082,"""SMSI"""
2083,"""SMTX"""
2084,"""SCKT"""
2085,"""SOHU"""
2086,"""SLRC"""
2087,"""SUNS"""
2088,"""SEDG"""
2089,"""SLNO"""
2090,"""SNGX"""
2091,"""SONM"""
2092,"""SNOA"""
2093,"""SPHS"""
2094,"""SORL"""
2095,"""SRNE"""
2096,"""SOHO"""
2097,"""SFBC"""
2098,"""SPFI"""
2099,"""SSB"""
2100,"""SFST"""
2101,"""SMBC"""
2102,"""SONA"""
2103,"""SBSI"""
2104,"""SY"""
2105,"""SP"""
2106,"""SGRP"""
2107,"""SPKE"""
2108,"""ONCE"""
2109,"""SPAR"""
2110,"""SPTN"""
2111,"""DWFI"""
2112,"""SPPI"""
2113,"""ANY"""
2114,"""SPEX"""
2115,"""SPI"""
2116,"""SAVE"""
2117,"""SPLK"""
2118,"""SPOK"""
2119,"""SPWH"""
2120,"""SBPH"""
2121,"""FUND"""
2122,"""SFM"""
2123,"""SPSC"""
2124,"""SRAX"""
2125,"""SSNC"""
2126,"""SSRM"""
2127,"""STAA"""
2128,"""STAF"""
2129,"""STMP"""
2130,"""STND"""
2131,"""SBLK"""
2132,"""SBUX"""
2133,"""STFC"""
2134,"""GASS"""
2135,"""STCN"""
2136,"""STLD"""
2137,"""SMRT"""
2138,"""STML"""
2139,"""SRCL"""
2140,"""SBT"""
2141,"""STRL"""
2142,"""SHOO"""
2143,"""SYBT"""
2144,"""BANX"""
2145,"""SSKN"""
2146,"""SSYS"""
2147,"""STRA"""
2148,"""STRT"""
2149,"""STRS"""
2150,"""STRM"""
2151,"""SBBP"""
2152,"""SUMR"""
2153,"""SMMF"""
2154,"""SSBI"""
2155,"""SMMT"""
2156,"""SNSS"""
2157,"""STKL"""
2158,"""SPWR"""
2159,"""RUN"""
2160,"""SUNW"""
2161,"""SPCB"""
2162,"""SCON"""
2163,"""SGC"""
2164,"""SUPN"""
2165,"""SPRT"""
2166,"""SGRY"""
2167,"""SRDX"""
2168,"""SSSS"""
2169,"""SIVB"""
2170,"""SYKE"""
2171,"""SYNC"""
2172,"""SYNL"""
2173,"""SYNA"""
2174,"""SNCR"""
2175,"""SNDX"""
2176,"""SYNH"""
2177,"""SYBX"""
2178,"""SNPS"""
2179,"""SES"""
2180,"""SYPR"""
2181,"""TROW"""
2182,"""TTOO"""
2183,"""TAIT"""
2184,"""TTWO"""
2185,"""TNDM"""
2186,"""TLF"""
2187,"""TANH"""
2188,"""TAOP"""
2189,"""TEDU"""
2190,"""TH"""
2191,"""TRNX"""
2192,"""TATT"""
2193,"""TAYD"""
2194,"""TCF"""
2195,"""AMTD"""
2196,"""TECD"""
2197,"""TCCO"""
2198,"""TTGT"""
2199,"""TGLS"""
2200,"""TGEN"""
2201,"""TNAV"""
2202,"""TLGT"""
2203,"""TELL"""
2204,"""TENX"""
2205,"""TER"""
2206,"""TERP"""
2207,"""TBNK"""
2208,"""TSLA"""
2209,"""TESS"""
2210,"""TTEK"""
2211,"""TTPH"""
2212,"""TCBI"""
2213,"""TCBIL"""
2214,"""TCBIP"""
2215,"""TXN"""
2216,"""TXRH"""
2217,"""TFSL"""
2218,"""TGTX"""
2219,"""WTER"""
2220,"""ANDE"""
2221,"""TBBK"""
2222,"""CG"""
2223,"""CAKE"""
2224,"""CHEF"""
2225,"""TCFC"""
2226,"""DSGX"""
2227,"""DXYN"""
2228,"""ENSG"""
2229,"""XONE"""
2230,"""FBMS"""
2231,"""FLIC"""
2232,"""GT"""
2233,"""HABT"""
2234,"""HCKT"""
2235,"""HAIN"""
2236,"""CUBA"""
2237,"""INTG"""
2238,"""JYNT"""
2239,"""KHC"""
2240,"""OLD"""
2241,"""MSG"""
2242,"""MDCO"""
2243,"""MEET"""
2244,"""MIK"""
2245,"""MIDD"""
2246,"""SLIM"""
2247,"""STKS"""
2248,"""ORG"""
2249,"""PECK"""
2250,"""PRSC"""
2251,"""RMR"""
2252,"""TSG"""
2253,"""YORW"""
2254,"""NCTY"""
2255,"""THTX"""
2256,"""TBPH"""
2257,"""TCRD"""
2258,"""TSBK"""
2259,"""TIPT"""
2260,"""TITN"""
2261,"""TMDI"""
2262,"""TTNP"""
2263,"""TVTY"""
2264,"""TIVO"""
2265,"""TMUS"""
2266,"""TMSR"""
2267,"""TNXP"""
2268,"""TOPS"""
2269,"""TRCH"""
2270,"""TSEM"""
2271,"""CLUB"""
2272,"""TOWN"""
2273,"""TCON"""
2274,"""TSCO"""
2275,"""TWMC"""
2276,"""TACT"""
2277,"""TRNS"""
2278,"""TGA"""
2279,"""TA"""
2280,"""TANNI"""
2281,"""TANNL"""
2282,"""TANNZ"""
2283,"""TZOO"""
2284,"""TRVN"""
2285,"""TRVI"""
2286,"""TPCO"""
2287,"""TCBK"""
2288,"""TRIL"""
2289,"""TRS"""
2290,"""TRMB"""
2291,"""TRIB"""
2292,"""TRIP"""
2293,"""TSC"""
2294,"""TBK"""
2295,"""TROV"""
2296,"""TRUE"""
2297,"""TRUP"""
2298,"""TRST"""
2299,"""TRMK"""
2300,"""TSRI"""
2301,"""TTEC"""
2302,"""TTMI"""
2303,"""TCX"""
2304,"""TUES"""
2305,"""TOUR"""
2306,"""HEAR"""
2307,"""TWIN"""
2308,"""TRCB"""
2309,"""TYME"""
2310,"""USCR"""
2311,"""PRTS"""
2312,"""USEG"""
2313,"""GROW"""
2314,"""USAU"""
2315,"""UFPT"""
2316,"""ULTA"""
2317,"""UCTT"""
2318,"""RARE"""
2319,"""ULBI"""
2320,"""UMBF"""
2321,"""UMPQ"""
2322,"""UNAM"""
2323,"""UNB"""
2324,"""QURE"""
2325,"""UAL"""
2326,"""UBCP"""
2327,"""UBOH"""
2328,"""UBSI"""
2329,"""UCBI"""
2330,"""UCFC"""
2331,"""UFCS"""
2332,"""UIHC"""
2333,"""UNFI"""
2334,"""UBFO"""
2335,"""USLM"""
2336,"""UTHR"""
2337,"""UG"""
2338,"""UNIT"""
2339,"""UNTY"""
2340,"""UBX"""
2341,"""OLED"""
2342,"""UEIC"""
2343,"""UFPI"""
2344,"""ULH"""
2345,"""USAP"""
2346,"""UVSP"""
2347,"""UPLD"""
2348,"""UONE"""
2349,"""UONEK"""
2350,"""URBN"""
2351,"""MYT"""
2352,"""ECOL"""
2353,"""USAK"""
2354,"""USIO"""
2355,"""UTMD"""
2356,"""UTSI"""
2357,"""VALX"""
2358,"""VLY"""
2359,"""VALU"""
2360,"""VNDA"""
2361,"""BBH"""
2362,"""PPH"""
2363,"""VWOB"""
2364,"""VNQI"""
2365,"""VCIT"""
2366,"""VGIT"""
2367,"""VIGI"""
2368,"""VYMI"""
2369,"""VCLT"""
2370,"""VGLT"""
2371,"""VMBS"""
2372,"""VONE"""
2373,"""VONG"""
2374,"""VONV"""
2375,"""VTWO"""
2376,"""VTWG"""
2377,"""VTWV"""
2378,"""VTHR"""
2379,"""VCSH"""
2380,"""VTIP"""
2381,"""VGSH"""
2382,"""BND"""
2383,"""BNDX"""
2384,"""VXUS"""
2385,"""VRNS"""
2386,"""VBLT"""
2387,"""VXRT"""
2388,"""VBIV"""
2389,"""VECO"""
2390,"""VEON"""
2391,"""VRA"""
2392,"""VCYT"""
2393,"""VSTM"""
2394,"""VERB"""
2395,"""VCEL"""
2396,"""VRNT"""
2397,"""VRSN"""
2398,"""VRSK"""
2399,"""VBTX"""
2400,"""VRML"""
2401,"""VTNR"""
2402,"""VRTX"""
2403,"""VERU"""
2404,"""VIA"""
2405,"""CIZ"""
2406,"""CIL"""
2407,"""CFA"""
2408,"""CSF"""
2409,"""CDC"""
2410,"""CSB"""
2411,"""VRAY"""
2412,"""VKTX"""
2413,"""VBFC"""
2414,"""VFF"""
2415,"""VNOM"""
2416,"""VIR"""
2417,"""VIRC"""
2418,"""VTSI"""
2419,"""VIRT"""
2420,"""VRTS"""
2421,"""BBC"""
2422,"""BBP"""
2423,"""VRTU"""
2424,"""VISL"""
2425,"""VTGN"""
2426,"""VIVE"""
2427,"""VVPR"""
2428,"""VVUS"""
2429,"""VOXX"""
2430,"""VSEC"""
2431,"""VTVT"""
2432,"""VUZI"""
2433,"""WBA"""
2434,"""WSG"""
2435,"""WAFD"""
2436,"""WASH"""
2437,"""WSBF"""
2438,"""WVE"""
2439,"""WSTG"""
2440,"""WDFC"""
2441,"""WB"""
2442,"""WEBK"""
2443,"""WEN"""
2444,"""WERN"""
2445,"""WSBC"""
2446,"""WTBA"""
2447,"""WABC"""
2448,"""WSTL"""
2449,"""WDC"""
2450,"""WNEB"""
2451,"""WPRT"""
2452,"""WWR"""
2453,"""WEYS"""
2454,"""WHLR"""
2455,"""WHLRP"""
2456,"""WHF"""
2457,"""WHLM"""
2458,"""WVVI"""
2459,"""WLDN"""
2460,"""WLFC"""
2461,"""WLTW"""
2462,"""WSC"""
2463,"""WING"""
2464,"""WINA"""
2465,"""WINS"""
2466,"""WTFC"""
2467,"""WTFCM"""
2468,"""AGND"""
2469,"""CXSE"""
2470,"""EMCG"""
2471,"""EMCB"""
2472,"""DGRE"""
2473,"""DXGE"""
2474,"""HYZD"""
2475,"""AGZD"""
2476,"""WETF"""
2477,"""DXJS"""
2478,"""GULF"""
2479,"""HYND"""
2480,"""DGRW"""
2481,"""DGRS"""
2482,"""WIX"""
2483,"""WWD"""
2484,"""WDAY"""
2485,"""WKHS"""
2486,"""WRLD"""
2487,"""WMGI"""
2488,"""WSFS"""
2489,"""WVFC"""
2490,"""WW"""
2491,"""WYNN"""
2492,"""XBIT"""
2493,"""XELB"""
2494,"""XEL"""
2495,"""XNCR"""
2496,"""XENE"""
2497,"""XLNX"""
2498,"""XOMA"""
2499,"""XPER"""
2500,"""XSPA"""
2501,"""XTLB"""
2502,"""XNET"""
2503,"""YNDX"""
2504,"""YTEN"""
2505,"""YIN"""
2506,"""YGYI"""
2507,"""YRCW"""
2508,"""YY"""
2509,"""ZFGN"""
2510,"""ZAGG"""
2511,"""ZBRA"""
2512,"""Z"""
2513,"""ZG"""
2514,"""ZN"""
2515,"""ZION"""
2516,"""ZIOP"""
2517,"""ZIXI"""
2518,"""ZGNX"""
2519,"""ZSAN"""
2520,"""ZUMZ"""
2521,"""ZYNE"""
2522,"""ZYXI"""
2523,"""ZNGA"""
2524,"""DDD"""
2525,"""MMM"""
2526,"""WBAI"""
2527,"""WUBA"""
2528,"""EGHT"""
2529,"""AHC"""
2530,"""AOS"""
2531,"""ATEN"""
2532,"""AIR"""
2533,"""AAN"""
2534,"""ABB"""
2535,"""ABT"""
2536,"""ABBV"""
2537,"""ANF"""
2538,"""AGD"""
2539,"""AWP"""
2540,"""ACP"""
2541,"""JEQ"""
2542,"""AOD"""
2543,"""ABM"""
2544,"""AKR"""
2545,"""ACN"""
2546,"""ACCO"""
2547,"""ATV"""
2548,"""AYI"""
2549,"""ADX"""
2550,"""PEO"""
2551,"""AGRO"""
2552,"""ATGE"""
2553,"""AAP"""
2554,"""WMS"""
2555,"""AVK"""
2556,"""ACM"""
2557,"""AEB"""
2558,"""AEG"""
2559,"""AER"""
2560,"""AJRD"""
2561,"""AMG"""
2562,"""AFL"""
2563,"""MITT"""
2564,"""AGCO"""
2565,"""A"""
2566,"""AEM"""
2567,"""ADC"""
2568,"""AL"""
2569,"""APD"""
2570,"""AYR"""
2571,"""AKS"""
2572,"""ALG"""
2573,"""AGI"""
2574,"""ALK"""
2575,"""AIN"""
2576,"""ALB"""
2577,"""AA"""
2578,"""ALC"""
2579,"""ALEX"""
2580,"""ALX"""
2581,"""ARE"""
2582,"""AQN"""
2583,"""BABA"""
2584,"""Y"""
2585,"""ATI"""
2586,"""ALLE"""
2587,"""AGN"""
2588,"""ALE"""
2589,"""ADS"""
2590,"""AFB"""
2591,"""AWF"""
2592,"""AB"""
2593,"""AIO"""
2594,"""CBH"""
2595,"""NCV"""
2596,"""NCZ"""
2597,"""ACV"""
2598,"""NIE"""
2599,"""NFJ"""
2600,"""ALSN"""
2601,"""ALL"""
2602,"""ALLY"""
2603,"""MO"""
2604,"""ACH"""
2605,"""ABEV"""
2606,"""AMC"""
2607,"""AMCR"""
2608,"""AEE"""
2609,"""AMRC"""
2610,"""AMOV"""
2611,"""AMX"""
2612,"""AAT"""
2613,"""AXL"""
2614,"""ACC"""
2615,"""AEO"""
2616,"""AEP"""
2617,"""AEL"""
2618,"""AXP"""
2619,"""AFG"""
2620,"""AFGE"""
2621,"""AFGH"""
2622,"""AMH"""
2623,"""AIG"""
2624,"""ARL"""
2625,"""ARA"""
2626,"""AWR"""
2627,"""AMT"""
2628,"""AVD"""
2629,"""AWK"""
2630,"""AMP"""
2631,"""ABC"""
2632,"""ANFI"""
2633,"""AMN"""
2634,"""AP"""
2635,"""APH"""
2636,"""AXR"""
2637,"""AME"""
2638,"""FINS"""
2639,"""AU"""
2640,"""BUD"""
2641,"""AXE"""
2642,"""NLY"""
2643,"""AM"""
2644,"""AR"""
2645,"""ANTM"""
2646,"""ANH"""
2647,"""AON"""
2648,"""APA"""
2649,"""AIV"""
2650,"""APHA"""
2651,"""ARI"""
2652,"""APO"""
2653,"""AFT"""
2654,"""AIF"""
2655,"""APLE"""
2656,"""AIT"""
2657,"""ATR"""
2658,"""APTV"""
2659,"""WTR"""
2660,"""ARMK"""
2661,"""ABR"""
2662,"""ARC"""
2663,"""MT"""
2664,"""ARCH"""
2665,"""ADM"""
2666,"""AROC"""
2667,"""ARNC"""
2668,"""ARCO"""
2669,"""ASC"""
2670,"""AFC"""
2671,"""ACRE"""
2672,"""ARDC"""
2673,"""ARES"""
2674,"""AGX"""
2675,"""ARGD"""
2676,"""ARGO"""
2677,"""ANET"""
2678,"""AI"""
2679,"""AIC"""
2680,"""AIW"""
2681,"""AHH"""
2682,"""ARR"""
2683,"""AFI"""
2684,"""AWI"""
2685,"""ARW"""
2686,"""AJG"""
2687,"""APAM"""
2688,"""ASA"""
2689,"""ABG"""
2690,"""ASX"""
2691,"""ASGN"""
2692,"""AHT"""
2693,"""ASH"""
2694,"""ASPN"""
2695,"""AMK"""
2696,"""ASB"""
2697,"""AC"""
2698,"""AIZ"""
2699,"""AGO"""
2700,"""AZN"""
2701,"""T"""
2702,"""TBB"""
2703,"""TBC"""
2704,"""ATTO"""
2705,"""ATKR"""
2706,"""AT"""
2707,"""ATO"""
2708,"""ACB"""
2709,"""ATHM"""
2710,"""ALV"""
2711,"""AN"""
2712,"""AZO"""
2713,"""AVB"""
2714,"""AGR"""
2715,"""AVNS"""
2716,"""AVY"""
2717,"""AVH"""
2718,"""AVA"""
2719,"""AVP"""
2720,"""AVX"""
2721,"""AXTA"""
2722,"""AXS"""
2723,"""AX"""
2724,"""AXO"""
2725,"""AZZ"""
2726,"""BGS"""
2727,"""BW"""
2728,"""BGH"""
2729,"""BMI"""
2730,"""BBN"""
2731,"""BLL"""
2732,"""BANC"""
2733,"""BBAR"""
2734,"""BBVA"""
2735,"""BBD"""
2736,"""BBDO"""
2737,"""BCH"""
2738,"""BLX"""
2739,"""BSBR"""
2740,"""BSAC"""
2741,"""BSMX"""
2742,"""SAN"""
2743,"""CIB"""
2744,"""BXS"""
2745,"""BAC"""
2746,"""BOH"""
2747,"""BMO"""
2748,"""NTB"""
2749,"""BK"""
2750,"""BNS"""
2751,"""BKU"""
2752,"""BCS"""
2753,"""BBDC"""
2754,"""MCI"""
2755,"""MPV"""
2756,"""BNED"""
2757,"""B"""
2758,"""GOLD"""
2759,"""BAS"""
2760,"""BHC"""
2761,"""BAX"""
2762,"""BTE"""
2763,"""BBT"""
2764,"""BBX"""
2765,"""BCE"""
2766,"""BZH"""
2767,"""BDX"""
2768,"""BDC"""
2769,"""BHE"""
2770,"""BRK.A"""
2771,"""BRK.B"""
2772,"""BHLB"""
2773,"""BERY"""
2774,"""BBY"""
2775,"""BGSF"""
2776,"""BHP"""
2777,"""BBL"""
2778,"""BIG"""
2779,"""BH"""
2780,"""BIO"""
2781,"""BITA"""
2782,"""BKH"""
2783,"""BKI"""
2784,"""BSM"""
2785,"""BB"""
2786,"""BFZ"""
2787,"""CII"""
2788,"""BHK"""
2789,"""HYT"""
2790,"""BTZ"""
2791,"""DSU"""
2792,"""BGR"""
2793,"""BDJ"""
2794,"""EGF"""
2795,"""FRA"""
2796,"""BFO"""
2797,"""BGT"""
2798,"""BOE"""
2799,"""BME"""
2800,"""BAF"""
2801,"""BKT"""
2802,"""BGY"""
2803,"""BKN"""
2804,"""BTA"""
2805,"""BZM"""
2806,"""MHE"""
2807,"""BIT"""
2808,"""MUI"""
2809,"""MNE"""
2810,"""MUA"""
2811,"""BKK"""
2812,"""BBK"""
2813,"""BBF"""
2814,"""BYM"""
2815,"""BFK"""
2816,"""BLE"""
2817,"""BTT"""
2818,"""MEN"""
2819,"""MUC"""
2820,"""MUH"""
2821,"""MHD"""
2822,"""MFL"""
2823,"""MUJ"""
2824,"""MHN"""
2825,"""MUE"""
2826,"""MUS"""
2827,"""MVT"""
2828,"""MYC"""
2829,"""MCA"""
2830,"""MYD"""
2831,"""MYF"""
2832,"""MFT"""
2833,"""MIY"""
2834,"""MYJ"""
2835,"""MYN"""
2836,"""MPA"""
2837,"""MQT"""
2838,"""MYI"""
2839,"""MQY"""
2840,"""BNY"""
2841,"""BQH"""
2842,"""BSE"""
2843,"""BFY"""
2844,"""BCX"""
2845,"""BST"""
2846,"""BSD"""
2847,"""BUI"""
2848,"""BHV"""
2849,"""BLK"""
2850,"""BGB"""
2851,"""BGX"""
2852,"""BSL"""
2853,"""BCRH"""
2854,"""BXG"""
2855,"""BXC"""
2856,"""DHF"""
2857,"""DMB"""
2858,"""DSM"""
2859,"""LEO"""
2860,"""BA"""
2861,"""BCC"""
2862,"""BCEI"""
2863,"""BOOT"""
2864,"""BAH"""
2865,"""BWA"""
2866,"""SAM"""
2867,"""BXP"""
2868,"""BSX"""
2869,"""BOX"""
2870,"""BYD"""
2871,"""BP"""
2872,"""BPT"""
2873,"""BRC"""
2874,"""BHR"""
2875,"""BDN"""
2876,"""BWG"""
2877,"""LND"""
2878,"""BRFS"""
2879,"""BGG"""
2880,"""BFAM"""
2881,"""BSA"""
2882,"""BSIG"""
2883,"""EAT"""
2884,"""BCO"""
2885,"""BMY"""
2886,"""BTI"""
2887,"""BRX"""
2888,"""BR"""
2889,"""BKD"""
2890,"""BAM"""
2891,"""BBU"""
2892,"""INF"""
2893,"""BIP"""
2894,"""BEP"""
2895,"""BRO"""
2896,"""BRT"""
2897,"""BC"""
2898,"""BKE"""
2899,"""BVN"""
2900,"""BBW"""
2901,"""BG"""
2902,"""BURL"""
2903,"""BWXT"""
2904,"""GYB"""
2905,"""PFH"""
2906,"""CABO"""
2907,"""CBT"""
2908,"""COG"""
2909,"""CACI"""
2910,"""CAE"""
2911,"""CAI"""
2912,"""CAL"""
2913,"""CRC"""
2914,"""CWT"""
2915,"""CALX"""
2916,"""ELY"""
2917,"""CPE"""
2918,"""CBM"""
2919,"""CPT"""
2920,"""CCJ"""
2921,"""CPB"""
2922,"""CM"""
2923,"""CNI"""
2924,"""CNQ"""
2925,"""CP"""
2926,"""CAJ"""
2927,"""CGC"""
2928,"""CMD"""
2929,"""COF"""
2930,"""CSU"""
2931,"""BXMT"""
2932,"""CPRI"""
2933,"""CMO"""
2934,"""CRR"""
2935,"""CAH"""
2936,"""CRCM"""
2937,"""CSL"""
2938,"""KMX"""
2939,"""CCL"""
2940,"""CUK"""
2941,"""CRS"""
2942,"""CSV"""
2943,"""CRI"""
2944,"""CSLT"""
2945,"""CTLT"""
2946,"""CAT"""
2947,"""CATO"""
2948,"""CBZ"""
2949,"""CBL"""
2950,"""IGR"""
2951,"""CBRE"""
2952,"""CBS"""
2953,"""FUN"""
2954,"""CDR"""
2955,"""CE"""
2956,"""CLS"""
2957,"""CEL"""
2958,"""CPAC"""
2959,"""CX"""
2960,"""CVE"""
2961,"""CNC"""
2962,"""CEN"""
2963,"""CNP"""
2964,"""EBR"""
2965,"""CCS"""
2966,"""CTL"""
2967,"""CF"""
2968,"""GIB"""
2969,"""CRL"""
2970,"""CLDT"""
2971,"""CMCM"""
2972,"""CHGG"""
2973,"""CHE"""
2974,"""CC"""
2975,"""CHMI"""
2976,"""CHK"""
2977,"""CHKR"""
2978,"""CPK"""
2979,"""CVX"""
2980,"""CHS"""
2981,"""CIM"""
2982,"""DL"""
2983,"""CEA"""
2984,"""CHN"""
2985,"""CGA"""
2986,"""LFC"""
2987,"""CHL"""
2988,"""COE"""
2989,"""SNP"""
2990,"""ZNH"""
2991,"""CHA"""
2992,"""CHU"""
2993,"""CYD"""
2994,"""CMG"""
2995,"""CHH"""
2996,"""CB"""
2997,"""CHT"""
2998,"""CHD"""
2999,"""CCX"""
3000,"""CIEN"""
3001,"""CI"""
3002,"""XEC"""
3003,"""CBB"""
3004,"""CNK"""
3005,"""CINR"""
3006,"""CIR"""
3007,"""CIT"""
3008,"""BLW"""
3009,"""C"""
3010,"""CFG"""
3011,"""CIA"""
3012,"""CIO"""
3013,"""CVEO"""
3014,"""CLH"""
3015,"""CCO"""
3016,"""EMO"""
3017,"""CEM"""
3018,"""CTR"""
3019,"""CLW"""
3020,"""CWEN"""
3021,"""CLF"""
3022,"""CLX"""
3023,"""NET"""
3024,"""CMS"""
3025,"""CNA"""
3026,"""CNF"""
3027,"""CNHI"""
3028,"""CNO"""
3029,"""CEO"""
3030,"""CNXM"""
3031,"""CNX"""
3032,"""KOF"""
3033,"""KO"""
3034,"""CCEP"""
3035,"""CDE"""
3036,"""FOF"""
3037,"""INB"""
3038,"""CNS"""
3039,"""UTF"""
3040,"""LDP"""
3041,"""MIE"""
3042,"""RQI"""
3043,"""RNP"""
3044,"""PSF"""
3045,"""RFI"""
3046,"""CFX"""
3047,"""CL"""
3048,"""CXE"""
3049,"""CIF"""
3050,"""CXH"""
3051,"""CMU"""
3052,"""CLNY"""
3053,"""CXP"""
3054,"""STK"""
3055,"""CCZ"""
3056,"""CMA"""
3057,"""FIX"""
3058,"""CMC"""
3059,"""CBU"""
3060,"""CYH"""
3061,"""CHCT"""
3062,"""CIG"""
3063,"""CBD"""
3064,"""SBS"""
3065,"""ELP"""
3066,"""CCU"""
3067,"""CODI"""
3068,"""CMP"""
3069,"""CRK"""
3070,"""CAG"""
3071,"""CXO"""
3072,"""CCM"""
3073,"""COP"""
3074,"""CCR"""
3075,"""ED"""
3076,"""STZ"""
3077,"""CSTM"""
3078,"""TCS"""
3079,"""CBPX"""
3080,"""CLR"""
3081,"""VLRS"""
3082,"""CTB"""
3083,"""CPS"""
3084,"""CTK"""
3085,"""CPA"""
3086,"""CLB"""
3087,"""CXW"""
3088,"""CLGX"""
3089,"""CORR"""
3090,"""COR"""
3091,"""CNR"""
3092,"""GLW"""
3093,"""GYC"""
3094,"""OFC"""
3095,"""CZZ"""
3096,"""CMRE"""
3097,"""COT"""
3098,"""COTY"""
3099,"""CUZ"""
3100,"""CVA"""
3101,"""CPF"""
3102,"""CPL"""
3103,"""CR"""
3104,"""BAP"""
3105,"""CS"""
3106,"""CPG"""
3107,"""CEQP"""
3108,"""CRH"""
3109,"""CRT"""
3110,"""CAPL"""
3111,"""CCI"""
3112,"""CCK"""
3113,"""CRY"""
3114,"""CSS"""
3115,"""CTS"""
3116,"""CUBE"""
3117,"""CUB"""
3118,"""CFR"""
3119,"""CULP"""
3120,"""CMI"""
3121,"""CW"""
3122,"""SRF"""
3123,"""SRV"""
3124,"""SZC"""
3125,"""CWK"""
3126,"""CUBI"""
3127,"""CVI"""
3128,"""UAN"""
3129,"""CVS"""
3130,"""CELP"""
3131,"""DHI"""
3132,"""DAN"""
3133,"""DHR"""
3134,"""DAC"""
3135,"""DQ"""
3136,"""DRI"""
3137,"""DAR"""
3138,"""DVA"""
3139,"""DCP"""
3140,"""DECK"""
3141,"""DE"""
3142,"""DEX"""
3143,"""DDF"""
3144,"""DKL"""
3145,"""DK"""
3146,"""DLPH"""
3147,"""DAL"""
3148,"""DLX"""
3149,"""DNR"""
3150,"""DBI"""
3151,"""DKT"""
3152,"""DB"""
3153,"""DXB"""
3154,"""DVN"""
3155,"""DHX"""
3156,"""DHT"""
3157,"""DEO"""
3158,"""DO"""
3159,"""DRH"""
3160,"""DSX"""
3161,"""DKS"""
3162,"""DBD"""
3163,"""DLR"""
3164,"""DDS"""
3165,"""DDT"""
3166,"""DIN"""
3167,"""DPLO"""
3168,"""DFS"""
3169,"""DNI"""
3170,"""DLB"""
3171,"""DG"""
3172,"""D"""
3173,"""DPZ"""
3174,"""UFS"""
3175,"""DCI"""
3176,"""LPG"""
3177,"""DSL"""
3178,"""DBL"""
3179,"""PLOW"""
3180,"""DEI"""
3181,"""DOV"""
3182,"""DVD"""
3183,"""RDY"""
3184,"""DRD"""
3185,"""DRQ"""
3186,"""DS"""
3187,"""DTE"""
3188,"""DTJ"""
3189,"""DTP"""
3190,"""DTQ"""
3191,"""DTW"""
3192,"""DTY"""
3193,"""DCO"""
3194,"""DPG"""
3195,"""DSE"""
3196,"""DNP"""
3197,"""DTF"""
3198,"""DUC"""
3199,"""DUK"""
3200,"""DUKH"""
3201,"""DRE"""
3202,"""DD"""
3203,"""DXC"""
3204,"""DY"""
3205,"""DLNG"""
3206,"""DX"""
3207,"""EGIF"""
3208,"""EXP"""
3209,"""ECCA"""
3210,"""EIC"""
3211,"""ESTE"""
3212,"""DEA"""
3213,"""EGP"""
3214,"""EMN"""
3215,"""KODK"""
3216,"""ETN"""
3217,"""ETV"""
3218,"""ETW"""
3219,"""EV"""
3220,"""EOI"""
3221,"""EOS"""
3222,"""EFT"""
3223,"""EFF"""
3224,"""EHT"""
3225,"""EOT"""
3226,"""EVN"""
3227,"""ETJ"""
3228,"""EFR"""
3229,"""EVF"""
3230,"""EVG"""
3231,"""EVT"""
3232,"""ETO"""
3233,"""ETG"""
3234,"""ETB"""
3235,"""EXD"""
3236,"""ETY"""
3237,"""EXG"""
3238,"""ECT"""
3239,"""ECL"""
3240,"""EC"""
3241,"""EPC"""
3242,"""EIX"""
3243,"""EW"""
3244,"""EE"""
3245,"""EGO"""
3246,"""ESI"""
3247,"""LLY"""
3248,"""EFC"""
3249,"""EARN"""
3250,"""ERJ"""
3251,"""EME"""
3252,"""EBS"""
3253,"""EMR"""
3254,"""ESRT"""
3255,"""EIG"""
3256,"""EDN"""
3257,"""ENBL"""
3258,"""ENB"""
3259,"""ECA"""
3260,"""EHC"""
3261,"""EXK"""
3262,"""ENIA"""
3263,"""ENIC"""
3264,"""ENR"""
3265,"""ET"""
3266,"""ERF"""
3267,"""ENS"""
3268,"""E"""
3269,"""ENLC"""
3270,"""EBF"""
3271,"""ENVA"""
3272,"""NPO"""
3273,"""ETM"""
3274,"""EAB"""
3275,"""EAE"""
3276,"""EAI"""
3277,"""ETR"""
3278,"""ELC"""
3279,"""ELU"""
3280,"""EMP"""
3281,"""ENJ"""
3282,"""ENO"""
3283,"""EZT"""
3284,"""EPD"""
3285,"""EVC"""
3286,"""ENV"""
3287,"""EVA"""
3288,"""ENZ"""
3289,"""EOG"""
3290,"""EPAM"""
3291,"""EPR"""
3292,"""EQM"""
3293,"""EQT"""
3294,"""EFX"""
3295,"""EQNR"""
3296,"""EQC"""
3297,"""ELS"""
3298,"""EQR"""
3299,"""EQS"""
3300,"""ERA"""
3301,"""EROS"""
3302,"""ESE"""
3303,"""ESNT"""
3304,"""ESS"""
3305,"""EL"""
3306,"""ETH"""
3307,"""EURN"""
3308,"""EEA"""
3309,"""EVR"""
3310,"""RE"""
3311,"""EVRG"""
3312,"""EVRI"""
3313,"""ES"""
3314,"""EVTC"""
3315,"""EVH"""
3316,"""XAN"""
3317,"""EXPR"""
3318,"""EXTN"""
3319,"""EXR"""
3320,"""XOM"""
3321,"""FNB"""
3322,"""FN"""
3323,"""FDS"""
3324,"""FICO"""
3325,"""SFUN"""
3326,"""FPI"""
3327,"""FBK"""
3328,"""FFG"""
3329,"""AGM"""
3330,"""FRT"""
3331,"""FSS"""
3332,"""FII"""
3333,"""FMN"""
3334,"""FDX"""
3335,"""RACE"""
3336,"""FGP"""
3337,"""FOE"""
3338,"""FCAU"""
3339,"""FNF"""
3340,"""FIS"""
3341,"""FMO"""
3342,"""FAF"""
3343,"""FBP"""
3344,"""FCF"""
3345,"""FHN"""
3346,"""FR"""
3347,"""AG"""
3348,"""FRC"""
3349,"""FFA"""
3350,"""FMY"""
3351,"""FDEU"""
3352,"""FIF"""
3353,"""FSD"""
3354,"""FPF"""
3355,"""FPL"""
3356,"""FIV"""
3357,"""FCT"""
3358,"""FGB"""
3359,"""FEO"""
3360,"""FAM"""
3361,"""FE"""
3362,"""FIT"""
3363,"""FBC"""
3364,"""DFP"""
3365,"""PFD"""
3366,"""PFO"""
3367,"""FFC"""
3368,"""FLC"""
3369,"""FLT"""
3370,"""FTK"""
3371,"""FLO"""
3372,"""FLS"""
3373,"""FLR"""
3374,"""FLY"""
3375,"""FMC"""
3376,"""FMX"""
3377,"""FL"""
3378,"""F"""
3379,"""FOR"""
3380,"""FTS"""
3381,"""FTAI"""
3382,"""FSM"""
3383,"""FBHS"""
3384,"""FET"""
3385,"""FCPT"""
3386,"""FNV"""
3387,"""FC"""
3388,"""FSB"""
3389,"""BEN"""
3390,"""FT"""
3391,"""FI"""
3392,"""FCX"""
3393,"""FMS"""
3394,"""FDP"""
3395,"""RESI"""
3396,"""FRO"""
3397,"""FSK"""
3398,"""FCN"""
3399,"""FF"""
3400,"""GCV"""
3401,"""GAB"""
3402,"""GGZ"""
3403,"""GGT"""
3404,"""GUT"""
3405,"""GCAP"""
3406,"""GBL"""
3407,"""GNT"""
3408,"""GME"""
3409,"""GCI"""
3410,"""GPS"""
3411,"""IT"""
3412,"""GLOG"""
3413,"""GLOP"""
3414,"""GATX"""
3415,"""GMTA"""
3416,"""GCP"""
3417,"""GNK"""
3418,"""GNRC"""
3419,"""GAM"""
3420,"""GD"""
3421,"""GE"""
3422,"""GIS"""
3423,"""GM"""
3424,"""GCO"""
3425,"""GWR"""
3426,"""GEL"""
3427,"""GNE"""
3428,"""G"""
3429,"""GPC"""
3430,"""GNW"""
3431,"""GEO"""
3432,"""GPRK"""
3433,"""GGB"""
3434,"""GTY"""
3435,"""GIX"""
3436,"""GIL"""
3437,"""GLT"""
3438,"""GKOS"""
3439,"""GSK"""
3440,"""CO"""
3441,"""GNL"""
3442,"""GLP"""
3443,"""GPN"""
3444,"""GSL"""
3445,"""GLOB"""
3446,"""GMED"""
3447,"""GMS"""
3448,"""GNC"""
3449,"""GDDY"""
3450,"""GOL"""
3451,"""GFI"""
3452,"""GSBD"""
3453,"""GS"""
3454,"""GER"""
3455,"""GMZ"""
3456,"""GRC"""
3457,"""GPX"""
3458,"""GGG"""
3459,"""GRAF"""
3460,"""EAF"""
3461,"""GHM"""
3462,"""GHC"""
3463,"""GRAM"""
3464,"""GVA"""
3465,"""GPK"""
3466,"""GTN"""
3467,"""AJX"""
3468,"""AJXA"""
3469,"""GWB"""
3470,"""GDOT"""
3471,"""GBX"""
3472,"""GHL"""
3473,"""GHG"""
3474,"""GEF"""
3475,"""GFF"""
3476,"""GPI"""
3477,"""GRUB"""
3478,"""PAC"""
3479,"""ASR"""
3480,"""AVAL"""
3481,"""SUPV"""
3482,"""TV"""
3483,"""GSX"""
3484,"""GTT"""
3485,"""GSH"""
3486,"""GES"""
3487,"""GGM"""
3488,"""GPM"""
3489,"""GOF"""
3490,"""GBAB"""
3491,"""GWRE"""
3492,"""HRB"""
3493,"""FUL"""
3494,"""HAE"""
3495,"""HAL"""
3496,"""HBI"""
3497,"""HNGR"""
3498,"""HASI"""
3499,"""HOG"""
3500,"""HMY"""
3501,"""HSC"""
3502,"""HHS"""
3503,"""HGH"""
3504,"""HIG"""
3505,"""HVT"""
3506,"""HE"""
3507,"""HCHC"""
3508,"""HCA"""
3509,"""HCI"""
3510,"""HDB"""
3511,"""HR"""
3512,"""HTA"""
3513,"""HL"""
3514,"""HEI"""
3515,"""HLX"""
3516,"""HP"""
3517,"""HLF"""
3518,"""HRI"""
3519,"""HTGC"""
3520,"""HRTG"""
3521,"""PSV"""
3522,"""HT"""
3523,"""HSY"""
3524,"""HTZ"""
3525,"""HES"""
3526,"""HPE"""
3527,"""HXL"""
3528,"""HEXO"""
3529,"""HCR"""
3530,"""PCF"""
3531,"""HPR"""
3532,"""HIW"""
3533,"""HIL"""
3534,"""HI"""
3535,"""HRC"""
3536,"""HTH"""
3537,"""HLT"""
3538,"""HNI"""
3539,"""HMLP"""
3540,"""HEP"""
3541,"""HFC"""
3542,"""HD"""
3543,"""HMC"""
3544,"""HON"""
3545,"""HMN"""
3546,"""HZN"""
3547,"""HRL"""
3548,"""HOS"""
3549,"""HST"""
3550,"""HLI"""
3551,"""HOV"""
3552,"""HHC"""
3553,"""HPQ"""
3554,"""HSBC"""
3555,"""HMI"""
3556,"""HNP"""
3557,"""HUBB"""
3558,"""HUBS"""
3559,"""HBM"""
3560,"""HUD"""
3561,"""HPP"""
3562,"""HUM"""
3563,"""HCFT"""
3564,"""HII"""
3565,"""HUN"""
3566,"""H"""
3567,"""HY"""
3568,"""IAA"""
3569,"""IAG"""
3570,"""IBN"""
3571,"""IDA"""
3572,"""IEX"""
3573,"""IDT"""
3574,"""INFO"""
3575,"""ITW"""
3576,"""IMAX"""
3577,"""ICD"""
3578,"""IHC"""
3579,"""IRT"""
3580,"""IFN"""
3581,"""IBA"""
3582,"""INFY"""
3583,"""ING"""
3584,"""ISG"""
3585,"""IR"""
3586,"""NGVT"""
3587,"""INGR"""
3588,"""IPHI"""
3589,"""INSI"""
3590,"""NSP"""
3591,"""IBP"""
3592,"""INST"""
3593,"""ITGR"""
3594,"""I"""
3595,"""ICE"""
3596,"""IHG"""
3597,"""IFS"""
3598,"""IBM"""
3599,"""IFF"""
3600,"""IGT"""
3601,"""IP"""
3602,"""IPG"""
3603,"""INXN"""
3604,"""IPI"""
3605,"""IVC"""
3606,"""VBF"""
3607,"""VCV"""
3608,"""VTA"""
3609,"""VLT"""
3610,"""IVR"""
3611,"""OIA"""
3612,"""VMO"""
3613,"""VKQ"""
3614,"""VPV"""
3615,"""IVZ"""
3616,"""IQI"""
3617,"""VVR"""
3618,"""VTN"""
3619,"""VGM"""
3620,"""IIM"""
3621,"""IRET"""
3622,"""NVTA"""
3623,"""INVH"""
3624,"""IO"""
3625,"""IQV"""
3626,"""IRM"""
3627,"""IRS"""
3628,"""ICL"""
3629,"""ITCB"""
3630,"""ITUB"""
3631,"""ITT"""
3632,"""IVH"""
3633,"""JPM"""
3634,"""JAX"""
3635,"""JCP"""
3636,"""SJM"""
3637,"""JBL"""
3638,"""JEC"""
3639,"""JAG"""
3640,"""JHX"""
3641,"""JOF"""
3642,"""JEF"""
3643,"""JCAP"""
3644,"""JKS"""
3645,"""JMP"""
3646,"""JBT"""
3647,"""BTO"""
3648,"""HEQ"""
3649,"""JHS"""
3650,"""JHI"""
3651,"""HPF"""
3652,"""HPI"""
3653,"""HPS"""
3654,"""PDT"""
3655,"""HTD"""
3656,"""HTY"""
3657,"""JNJ"""
3658,"""JCI"""
3659,"""JLL"""
3660,"""JMEI"""
3661,"""JNPR"""
3662,"""JP"""
3663,"""JE"""
3664,"""LRN"""
3665,"""KAI"""
3666,"""KAMN"""
3667,"""KSU"""
3668,"""KAR"""
3669,"""KMF"""
3670,"""KYN"""
3671,"""KB"""
3672,"""KBH"""
3673,"""KBR"""
3674,"""K"""
3675,"""KEM"""
3676,"""KMPR"""
3677,"""KMT"""
3678,"""KW"""
3679,"""KEN"""
3680,"""KDP"""
3681,"""KEG"""
3682,"""KEY"""
3683,"""KEYS"""
3684,"""KRC"""
3685,"""KMB"""
3686,"""KIM"""
3687,"""KMI"""
3688,"""KFS"""
3689,"""KGC"""
3690,"""KEX"""
3691,"""KL"""
3692,"""KRG"""
3693,"""KKR"""
3694,"""KIO"""
3695,"""KNX"""
3696,"""KNL"""
3697,"""KNOP"""
3698,"""KN"""
3699,"""KSS"""
3700,"""PHG"""
3701,"""KTB"""
3702,"""KOP"""
3703,"""KEP"""
3704,"""KF"""
3705,"""KFY"""
3706,"""KOS"""
3707,"""KRA"""
3708,"""KR"""
3709,"""KRO"""
3710,"""KT"""
3711,"""LB"""
3712,"""SCX"""
3713,"""LHX"""
3714,"""LH"""
3715,"""LADR"""
3716,"""LCI"""
3717,"""LPI"""
3718,"""LVS"""
3719,"""LTM"""
3720,"""LGI"""
3721,"""LAZ"""
3722,"""LOR"""
3723,"""LZB"""
3724,"""LCII"""
3725,"""LEAF"""
3726,"""LEA"""
3727,"""LEE"""
3728,"""LM"""
3729,"""LMHA"""
3730,"""LEG"""
3731,"""JBK"""
3732,"""KTH"""
3733,"""KTN"""
3734,"""KTP"""
3735,"""LDOS"""
3736,"""LEJU"""
3737,"""LC"""
3738,"""LEN"""
3739,"""LII"""
3740,"""LXP"""
3741,"""LPL"""
3742,"""USA"""
3743,"""ASG"""
3744,"""LPT"""
3745,"""LSI"""
3746,"""LITB"""
3747,"""LNC"""
3748,"""LIN"""
3749,"""LNN"""
3750,"""LN"""
3751,"""LAD"""
3752,"""LAC"""
3753,"""LYV"""
3754,"""RAMP"""
3755,"""LYG"""
3756,"""SCD"""
3757,"""LMT"""
3758,"""L"""
3759,"""LPX"""
3760,"""LOW"""
3761,"""LXU"""
3762,"""LTC"""
3763,"""LUB"""
3764,"""LL"""
3765,"""LXFR"""
3766,"""LDL"""
3767,"""WLH"""
3768,"""LYB"""
3769,"""MTB"""
3770,"""MDC"""
3771,"""MHO"""
3772,"""MAC"""
3773,"""CLI"""
3774,"""MFD"""
3775,"""MGU"""
3776,"""MIC"""
3777,"""BMA"""
3778,"""M"""
3779,"""MCN"""
3780,"""MMP"""
3781,"""MGA"""
3782,"""MX"""
3783,"""MGY"""
3784,"""MHLA"""
3785,"""MHNC"""
3786,"""MAIN"""
3787,"""MMD"""
3788,"""MNK"""
3789,"""MANU"""
3790,"""MTW"""
3791,"""MN"""
3792,"""MAN"""
3793,"""MFC"""
3794,"""MRO"""
3795,"""MPC"""
3796,"""MMI"""
3797,"""MCS"""
3798,"""MPX"""
3799,"""HZO"""
3800,"""MKL"""
3801,"""VAC"""
3802,"""MMC"""
3803,"""MLM"""
3804,"""MAS"""
3805,"""DOOR"""
3806,"""MTZ"""
3807,"""MA"""
3808,"""MTDR"""
3809,"""MTRN"""
3810,"""MATX"""
3811,"""MLP"""
3812,"""MAXR"""
3813,"""MMS"""
3814,"""MXL"""
3815,"""MEC"""
3816,"""MBI"""
3817,"""MKC"""
3818,"""MDR"""
3819,"""MCD"""
3820,"""MUX"""
3821,"""MCK"""
3822,"""MDU"""
3823,"""MTL"""
3824,"""MPW"""
3825,"""MED"""
3826,"""MCC"""
3827,"""MCV"""
3828,"""MCX"""
3829,"""MDLY"""
3830,"""MD"""
3831,"""MDT"""
3832,"""MRK"""
3833,"""MCY"""
3834,"""MDP"""
3835,"""MTH"""
3836,"""MTOR"""
3837,"""PIY"""
3838,"""MTR"""
3839,"""MSB"""
3840,"""MEI"""
3841,"""MET"""
3842,"""MTD"""
3843,"""MXE"""
3844,"""MXF"""
3845,"""MFA"""
3846,"""MFO"""
3847,"""MCR"""
3848,"""MGF"""
3849,"""MIN"""
3850,"""MMT"""
3851,"""MFM"""
3852,"""MFV"""
3853,"""MTG"""
3854,"""MGP"""
3855,"""MGM"""
3856,"""MAA"""
3857,"""MCRN"""
3858,"""MLR"""
3859,"""HIE"""
3860,"""MTX"""
3861,"""MG"""
3862,"""MUFG"""
3863,"""MIXT"""
3864,"""MFG"""
3865,"""MBT"""
3866,"""MODN"""
3867,"""MOD"""
3868,"""MC"""
3869,"""MHK"""
3870,"""MOH"""
3871,"""TAP"""
3872,"""MNR"""
3873,"""MR"""
3874,"""MCO"""
3875,"""MS"""
3876,"""CAF"""
3877,"""MSD"""
3878,"""EDD"""
3879,"""IIF"""
3880,"""MOS"""
3881,"""MSI"""
3882,"""MOV"""
3883,"""MPLX"""
3884,"""MRC"""
3885,"""HJV"""
3886,"""MSA"""
3887,"""MSM"""
3888,"""MSCI"""
3889,"""MSGN"""
3890,"""MLI"""
3891,"""MWA"""
3892,"""MVF"""
3893,"""MZA"""
3894,"""MUR"""
3895,"""MUSA"""
3896,"""MVO"""
3897,"""MVC"""
3898,"""MYE"""
3899,"""NBR"""
3900,"""NC"""
3901,"""NTP"""
3902,"""NBHC"""
3903,"""NFG"""
3904,"""NGG"""
3905,"""NHI"""
3906,"""NOV"""
3907,"""NPK"""
3908,"""NNN"""
3909,"""SID"""
3910,"""NSA"""
3911,"""NGS"""
3912,"""NGVC"""
3913,"""NRP"""
3914,"""NTZ"""
3915,"""NLS"""
3916,"""NVGS"""
3917,"""NNA"""
3918,"""NM"""
3919,"""NMM"""
3920,"""NAV"""
3921,"""NCR"""
3922,"""NP"""
3923,"""NNI"""
3924,"""NPTN"""
3925,"""NVRO"""
3926,"""HYB"""
3927,"""NFC"""
3928,"""GF"""
3929,"""NWHM"""
3930,"""IRL"""
3931,"""NEWM"""
3932,"""NMFC"""
3933,"""EDU"""
3934,"""NEWR"""
3935,"""NRZ"""
3936,"""SNR"""
3937,"""NYCB"""
3938,"""NYT"""
3939,"""NJR"""
3940,"""NEU"""
3941,"""NEM"""
3942,"""NR"""
3943,"""NXRT"""
3944,"""NHF"""
3945,"""NEP"""
3946,"""NEE"""
3947,"""NEX"""
3948,"""NGL"""
3949,"""NLSN"""
3950,"""NKE"""
3951,"""NI"""
3952,"""NL"""
3953,"""NOAH"""
3954,"""NE"""
3955,"""NBL"""
3956,"""NOK"""
3957,"""NOMD"""
3958,"""NMR"""
3959,"""OSB"""
3960,"""NAT"""
3961,"""JWN"""
3962,"""NSC"""
3963,"""NOA"""
3964,"""NRT"""
3965,"""NOC"""
3966,"""NWN"""
3967,"""NWE"""
3968,"""NCLH"""
3969,"""NVS"""
3970,"""NVO"""
3971,"""DNOW"""
3972,"""NRG"""
3973,"""NUS"""
3974,"""NUE"""
3975,"""NS"""
3976,"""NSS"""
3977,"""NTR"""
3978,"""JMLP"""
3979,"""NVG"""
3980,"""NUV"""
3981,"""NUW"""
3982,"""NEA"""
3983,"""NAZ"""
3984,"""NKX"""
3985,"""NCB"""
3986,"""NCA"""
3987,"""NAC"""
3988,"""NTC"""
3989,"""JCE"""
3990,"""JQC"""
3991,"""JDD"""
3992,"""DIAX"""
3993,"""JMF"""
3994,"""NEV"""
3995,"""JFR"""
3996,"""JRO"""
3997,"""NKG"""
3998,"""JGH"""
3999,"""JHY"""
4000,"""JHD"""
4001,"""NXC"""
4002,"""NXN"""
4003,"""NID"""
4004,"""NMY"""
4005,"""NMT"""
4006,"""NUM"""
4007,"""NMS"""
4008,"""NOM"""
4009,"""JLS"""
4010,"""JMM"""
4011,"""NHA"""
4012,"""NZF"""
4013,"""NMZ"""
4014,"""NMI"""
4015,"""NJV"""
4016,"""NXJ"""
4017,"""NRK"""
4018,"""NYV"""
4019,"""NNY"""
4020,"""NAN"""
4021,"""NNC"""
4022,"""NUO"""
4023,"""NPN"""
4024,"""NQP"""
4025,"""JPC"""
4026,"""JPS"""
4027,"""JPT"""
4028,"""JPI"""
4029,"""NAD"""
4030,"""JRI"""
4031,"""JRS"""
4032,"""BXMX"""
4033,"""SPXX"""
4034,"""NIM"""
4035,"""NXP"""
4036,"""NXQ"""
4037,"""NXR"""
4038,"""NSL"""
4039,"""JSD"""
4040,"""NBB"""
4041,"""JTD"""
4042,"""JTA"""
4043,"""NTX"""
4044,"""NPV"""
4045,"""NIQ"""
4046,"""JMT"""
4047,"""NVR"""
4048,"""OAC"""
4049,"""OAS"""
4050,"""OBE"""
4051,"""OXY"""
4052,"""OII"""
4053,"""OCN"""
4054,"""OFG"""
4055,"""OGE"""
4056,"""OIS"""
4057,"""ODC"""
4058,"""ORI"""
4059,"""OLN"""
4060,"""OHI"""
4061,"""OMC"""
4062,"""OMN"""
4063,"""ONDK"""
4064,"""OGS"""
4065,"""OLP"""
4066,"""OMF"""
4067,"""OKE"""
4068,"""OOMA"""
4069,"""OPY"""
4070,"""ORCL"""
4071,"""ORAN"""
4072,"""ORC"""
4073,"""OEC"""
4074,"""ORN"""
4075,"""IX"""
4076,"""ORA"""
4077,"""OSK"""
4078,"""OR"""
4079,"""OUT"""
4080,"""OSG"""
4081,"""OMI"""
4082,"""OC"""
4083,"""OI"""
4084,"""OXM"""
4085,"""ROYT"""
4086,"""PACD"""
4087,"""PCG"""
4088,"""PKG"""
4089,"""PANW"""
4090,"""PAM"""
4091,"""PHX"""
4092,"""PARR"""
4093,"""PAR"""
4094,"""PGRE"""
4095,"""PKE"""
4096,"""PH"""
4097,"""PE"""
4098,"""PSN"""
4099,"""PRTY"""
4100,"""PAYC"""
4101,"""PBF"""
4102,"""PBFX"""
4103,"""PSO"""
4104,"""PEB"""
4105,"""PBA"""
4106,"""PEI"""
4107,"""PFSI"""
4108,"""PMT"""
4109,"""PAG"""
4110,"""PNR"""
4111,"""PEN"""
4112,"""PFGC"""
4113,"""PKI"""
4114,"""PBT"""
4115,"""PVL"""
4116,"""PRT"""
4117,"""PRGO"""
4118,"""PTR"""
4119,"""PBR"""
4120,"""PFE"""
4121,"""GHY"""
4122,"""ISD"""
4123,"""PGTI"""
4124,"""PM"""
4125,"""PSX"""
4126,"""PSXP"""
4127,"""FENG"""
4128,"""DOC"""
4129,"""PDM"""
4130,"""PIR"""
4131,"""PCQ"""
4132,"""PCK"""
4133,"""PZC"""
4134,"""PCM"""
4135,"""PTY"""
4136,"""PCN"""
4137,"""PCI"""
4138,"""PDI"""
4139,"""PGP"""
4140,"""PHK"""
4141,"""PKO"""
4142,"""PFL"""
4143,"""PFN"""
4144,"""PMF"""
4145,"""PML"""
4146,"""PMX"""
4147,"""PNF"""
4148,"""PNI"""
4149,"""PYN"""
4150,"""RCS"""
4151,"""PNW"""
4152,"""PHD"""
4153,"""PHT"""
4154,"""MAV"""
4155,"""MHI"""
4156,"""PXD"""
4157,"""PJC"""
4158,"""PBI"""
4159,"""PVT"""
4160,"""PIC"""
4161,"""PJT"""
4162,"""PAA"""
4163,"""PAGP"""
4164,"""PLNT"""
4165,"""PLT"""
4166,"""PHI"""
4167,"""PNC"""
4168,"""PNM"""
4169,"""PII"""
4170,"""POL"""
4171,"""POR"""
4172,"""PKX"""
4173,"""POST"""
4174,"""PPG"""
4175,"""PPX"""
4176,"""PPL"""
4177,"""PYS"""
4178,"""PYT"""
4179,"""PDS"""
4180,"""APTS"""
4181,"""PBH"""
4182,"""PVG"""
4183,"""PRI"""
4184,"""PGZ"""
4185,"""PRA"""
4186,"""PG"""
4187,"""PGR"""
4188,"""PLD"""
4189,"""PRO"""
4190,"""PBB"""
4191,"""PBC"""
4192,"""PB"""
4193,"""PRLB"""
4194,"""PFS"""
4195,"""PJH"""
4196,"""PRH"""
4197,"""PRU"""
4198,"""PUK"""
4199,"""PSB"""
4200,"""TLK"""
4201,"""PEG"""
4202,"""PSA"""
4203,"""PHM"""
4204,"""PSTG"""
4205,"""PMM"""
4206,"""PIM"""
4207,"""PMO"""
4208,"""PPT"""
4209,"""NEW"""
4210,"""PVH"""
4211,"""PYX"""
4212,"""PZN"""
4213,"""QTWO"""
4214,"""QEP"""
4215,"""QGEN"""
4216,"""QTS"""
4217,"""QUAD"""
4218,"""KWR"""
4219,"""NX"""
4220,"""PWR"""
4221,"""DGX"""
4222,"""QHC"""
4223,"""QUOT"""
4224,"""CTAA"""
4225,"""CTV"""
4226,"""CTY"""
4227,"""CTZ"""
4228,"""RRD"""
4229,"""RDN"""
4230,"""RL"""
4231,"""RRC"""
4232,"""RJF"""
4233,"""RYAM"""
4234,"""RYN"""
4235,"""RTN"""
4236,"""RMAX"""
4237,"""RC"""
4238,"""RCA"""
4239,"""RCB"""
4240,"""RCP"""
4241,"""RLGY"""
4242,"""O"""
4243,"""RLH"""
4244,"""RWT"""
4245,"""RBC"""
4246,"""RM"""
4247,"""RF"""
4248,"""RGS"""
4249,"""RGA"""
4250,"""RZA"""
4251,"""RZB"""
4252,"""RS"""
4253,"""RELX"""
4254,"""RNR"""
4255,"""RENN"""
4256,"""RPLA"""
4257,"""RSG"""
4258,"""RMD"""
4259,"""RFP"""
4260,"""QSR"""
4261,"""RPAI"""
4262,"""REV"""
4263,"""REX"""
4264,"""REXR"""
4265,"""RXN"""
4266,"""RH"""
4267,"""RNG"""
4268,"""RIO"""
4269,"""RBA"""
4270,"""RAD"""
4271,"""RMM"""
4272,"""RIV"""
4273,"""RLI"""
4274,"""RLJ"""
4275,"""RMG"""
4276,"""RRTS"""
4277,"""RHI"""
4278,"""ROK"""
4279,"""RCI"""
4280,"""ROG"""
4281,"""ROL"""
4282,"""ROP"""
4283,"""RST"""
4284,"""RY"""
4285,"""RBS"""
4286,"""RCL"""
4287,"""RGT"""
4288,"""RMT"""
4289,"""RVT"""
4290,"""RES"""
4291,"""RPM"""
4292,"""RPT"""
4293,"""RTW"""
4294,"""R"""
4295,"""RYI"""
4296,"""RHP"""
4297,"""SPGI"""
4298,"""SBR"""
4299,"""SB"""
4300,"""SFE"""
4301,"""CRM"""
4302,"""SMM"""
4303,"""SBH"""
4304,"""SJT"""
4305,"""SDT"""
4306,"""PER"""
4307,"""SC"""
4308,"""SAP"""
4309,"""SAB"""
4310,"""SAF"""
4311,"""SAR"""
4312,"""SSL"""
4313,"""BFS"""
4314,"""SLB"""
4315,"""SWM"""
4316,"""SAIC"""
4317,"""SALT"""
4318,"""SBNA"""
4319,"""STNG"""
4320,"""SMG"""
4321,"""KTF"""
4322,"""KSM"""
4323,"""SRL"""
4324,"""SCU"""
4325,"""SA"""
4326,"""CKH"""
4327,"""SDRL"""
4328,"""SEE"""
4329,"""SSW"""
4330,"""SEAS"""
4331,"""JBN"""
4332,"""JBR"""
4333,"""SEM"""
4334,"""SEMG"""
4335,"""SRE"""
4336,"""ST"""
4337,"""SXT"""
4338,"""SQNS"""
4339,"""SRG"""
4340,"""SCI"""
4341,"""SERV"""
4342,"""NOW"""
4343,"""SFL"""
4344,"""SHAK"""
4345,"""SJR"""
4346,"""SHLX"""
4347,"""SHW"""
4348,"""SHG"""
4349,"""SHOP"""
4350,"""SSTK"""
4351,"""SBGL"""
4352,"""SIG"""
4353,"""SPG"""
4354,"""SSD"""
4355,"""SHI"""
4356,"""SITC"""
4357,"""SITE"""
4358,"""SIX"""
4359,"""SJW"""
4360,"""SKM"""
4361,"""SKX"""
4362,"""SKY"""
4363,"""SLG"""
4364,"""SM"""
4365,"""SNN"""
4366,"""SNA"""
4367,"""SQM"""
4368,"""SAH"""
4369,"""SON"""
4370,"""SNE"""
4371,"""SOR"""
4372,"""SJI"""
4373,"""SO"""
4374,"""SOJA"""
4375,"""SCCO"""
4376,"""LUV"""
4377,"""SWX"""
4378,"""SWN"""
4379,"""SPE"""
4380,"""SR"""
4381,"""SPR"""
4382,"""SAVE"""
4383,"""SRC"""
4384,"""SRLP"""
4385,"""S"""
4386,"""SPXC"""
4387,"""FLOW"""
4388,"""SQ"""
4389,"""JOE"""
4390,"""STAG"""
4391,"""SSI"""
4392,"""SMP"""
4393,"""SXI"""
4394,"""SWK"""
4395,"""SWP"""
4396,"""STN"""
4397,"""SGU"""
4398,"""SRT"""
4399,"""STWD"""
4400,"""STT"""
4401,"""SPLP"""
4402,"""SCS"""
4403,"""SCM"""
4404,"""SCL"""
4405,"""STE"""
4406,"""STL"""
4407,"""STC"""
4408,"""SF"""
4409,"""STM"""
4410,"""EDF"""
4411,"""EDI"""
4412,"""STON"""
4413,"""SRI"""
4414,"""STOR"""
4415,"""GJH"""
4416,"""GJO"""
4417,"""GJS"""
4418,"""SYK"""
4419,"""RGR"""
4420,"""SPH"""
4421,"""SMFG"""
4422,"""INN"""
4423,"""SUM"""
4424,"""SMLP"""
4425,"""SUI"""
4426,"""SLF"""
4427,"""SXC"""
4428,"""SU"""
4429,"""STG"""
4430,"""SUN"""
4431,"""SHO"""
4432,"""STI"""
4433,"""SUP"""
4434,"""SUZ"""
4435,"""SWZ"""
4436,"""SBE"""
4437,"""SYF"""
4438,"""SNX"""
4439,"""SNV"""
4440,"""GJP"""
4441,"""GJR"""
4442,"""GJT"""
4443,"""GJV"""
4444,"""SYY"""
4445,"""SYX"""
4446,"""TLRD"""
4447,"""TWN"""
4448,"""TSM"""
4449,"""TAK"""
4450,"""TAL"""
4451,"""TGE"""
4452,"""SKT"""
4453,"""TPR"""
4454,"""TRGP"""
4455,"""TGT"""
4456,"""TARO"""
4457,"""TTM"""
4458,"""TCO"""
4459,"""TMHC"""
4460,"""TRP"""
4461,"""TCP"""
4462,"""TSI"""
4463,"""TEL"""
4464,"""TISI"""
4465,"""FTI"""
4466,"""TECK"""
4467,"""TK"""
4468,"""TGP"""
4469,"""TOO"""
4470,"""TNK"""
4471,"""TGNA"""
4472,"""TRC"""
4473,"""HQH"""
4474,"""THQ"""
4475,"""HQL"""
4476,"""THW"""
4477,"""TDOC"""
4478,"""TLRA"""
4479,"""TEO"""
4480,"""TDY"""
4481,"""TFX"""
4482,"""VIV"""
4483,"""TEF"""
4484,"""TDA"""
4485,"""TDE"""
4486,"""TDI"""
4487,"""TDJ"""
4488,"""TDS"""
4489,"""TU"""
4490,"""TDF"""
4491,"""EMF"""
4492,"""TEI"""
4493,"""GIM"""
4494,"""TPX"""
4495,"""TS"""
4496,"""THC"""
4497,"""TNC"""
4498,"""TEN"""
4499,"""TVC"""
4500,"""TVE"""
4501,"""TDC"""
4502,"""TEX"""
4503,"""TX"""
4504,"""TRNO"""
4505,"""TTI"""
4506,"""TEVA"""
4507,"""TPL"""
4508,"""TGH"""
4509,"""TXT"""
4510,"""AES"""
4511,"""BX"""
4512,"""CEE"""
4513,"""SCHW"""
4514,"""COO"""
4515,"""GDV"""
4516,"""GRX"""
4517,"""GDL"""
4518,"""THG"""
4519,"""THGA"""
4520,"""MSG"""
4521,"""RUBI"""
4522,"""TRV"""
4523,"""TMO"""
4524,"""THR"""
4525,"""TPRE"""
4526,"""TSLF"""
4527,"""TCRZ"""
4528,"""TRI"""
4529,"""THO"""
4530,"""TDW"""
4531,"""TIF"""
4532,"""TLYS"""
4533,"""TSU"""
4534,"""TKR"""
4535,"""TMST"""
4536,"""TWI"""
4537,"""TJX"""
4538,"""TOL"""
4539,"""TR"""
4540,"""BLD"""
4541,"""TTC"""
4542,"""TD"""
4543,"""NDP"""
4544,"""TYG"""
4545,"""NTG"""
4546,"""TTP"""
4547,"""TPZ"""
4548,"""TOT"""
4549,"""TSQ"""
4550,"""TM"""
4551,"""TSLX"""
4552,"""TAC"""
4553,"""TCI"""
4554,"""TDG"""
4555,"""RIG"""
4556,"""TGS"""
4557,"""TRU"""
4558,"""TREC"""
4559,"""TG"""
4560,"""THS"""
4561,"""TREX"""
4562,"""TY"""
4563,"""TPH"""
4564,"""TNET"""
4565,"""TRN"""
4566,"""TSE"""
4567,"""TPVG"""
4568,"""GTS"""
4569,"""TRTN"""
4570,"""TGI"""
4571,"""TROX"""
4572,"""TBI"""
4573,"""TNP"""
4574,"""TUP"""
4575,"""TKC"""
4576,"""TPB"""
4577,"""TRQ"""
4578,"""TPC"""
4579,"""TWLO"""
4580,"""TWTR"""
4581,"""TWO"""
4582,"""TYL"""
4583,"""TSN"""
4584,"""USB"""
4585,"""USPH"""
4586,"""SLCA"""
4587,"""UI"""
4588,"""UBS"""
4589,"""UDR"""
4590,"""UGI"""
4591,"""UGP"""
4592,"""UMH"""
4593,"""UA"""
4594,"""UAA"""
4595,"""UFI"""
4596,"""UNF"""
4597,"""UN"""
4598,"""UL"""
4599,"""UNP"""
4600,"""UIS"""
4601,"""UNT"""
4602,"""UMC"""
4603,"""UNFI"""
4604,"""UPS"""
4605,"""URI"""
4606,"""USM"""
4607,"""UZA"""
4608,"""UZB"""
4609,"""UZC"""
4610,"""X"""
4611,"""UTX"""
4612,"""UNH"""
4613,"""UTL"""
4614,"""UNVR"""
4615,"""UVV"""
4616,"""UHT"""
4617,"""UHS"""
4618,"""UVE"""
4619,"""UTI"""
4620,"""UNM"""
4621,"""UE"""
4622,"""UBA"""
4623,"""UBP"""
4624,"""USFD"""
4625,"""USAC"""
4626,"""USNA"""
4627,"""USDP"""
4628,"""BIF"""
4629,"""VFC"""
4630,"""EGY"""
4631,"""MTN"""
4632,"""VAL"""
4633,"""VALE"""
4634,"""VLO"""
4635,"""VHI"""
4636,"""VMI"""
4637,"""VAR"""
4638,"""VGR"""
4639,"""VEC"""
4640,"""VEDL"""
4641,"""VEEV"""
4642,"""VTR"""
4643,"""VNE"""
4644,"""VER"""
4645,"""VRTV"""
4646,"""VZ"""
4647,"""VET"""
4648,"""VVI"""
4649,"""VNCE"""
4650,"""VIPS"""
4651,"""ZTR"""
4652,"""VGI"""
4653,"""ZF"""
4654,"""V"""
4655,"""VSH"""
4656,"""VPG"""
4657,"""VSTO"""
4658,"""VST"""
4659,"""VSI"""
4660,"""VSLR"""
4661,"""VMW"""
4662,"""VOC"""
4663,"""VCRA"""
4664,"""VG"""
4665,"""VNO"""
4666,"""VJET"""
4667,"""IAE"""
4668,"""IHD"""
4669,"""VOYA"""
4670,"""IGA"""
4671,"""IGD"""
4672,"""IDE"""
4673,"""IID"""
4674,"""IRR"""
4675,"""PPR"""
4676,"""VMC"""
4677,"""WTI"""
4678,"""WPC"""
4679,"""WRB"""
4680,"""GRA"""
4681,"""GWW"""
4682,"""WNC"""
4683,"""WBC"""
4684,"""WDR"""
4685,"""WD"""
4686,"""WMT"""
4687,"""DIS"""
4688,"""WPG"""
4689,"""WRE"""
4690,"""WCN"""
4691,"""WM"""
4692,"""WAT"""
4693,"""WSO"""
4694,"""WTS"""
4695,"""W"""
4696,"""WBS"""
4697,"""WEC"""
4698,"""WEI"""
4699,"""WRI"""
4700,"""WMK"""
4701,"""WBT"""
4702,"""WCG"""
4703,"""WFC"""
4704,"""EOD"""
4705,"""WELL"""
4706,"""WAIR"""
4707,"""WCC"""
4708,"""WST"""
4709,"""WAL"""
4710,"""WALA"""
4711,"""WEA"""
4712,"""TLI"""
4713,"""EMD"""
4714,"""GDO"""
4715,"""EHI"""
4716,"""HIX"""
4717,"""HIO"""
4718,"""HYI"""
4719,"""SBI"""
4720,"""IGI"""
4721,"""PAI"""
4722,"""MMU"""
4723,"""WMC"""
4724,"""DMO"""
4725,"""MTT"""
4726,"""MHF"""
4727,"""MNP"""
4728,"""GFY"""
4729,"""WIW"""
4730,"""WIA"""
4731,"""WES"""
4732,"""WU"""
4733,"""WAB"""
4734,"""WLK"""
4735,"""WLKP"""
4736,"""WBK"""
4737,"""WRK"""
4738,"""WHG"""
4739,"""WEX"""
4740,"""WY"""
4741,"""WPM"""
4742,"""WHR"""
4743,"""WTM"""
4744,"""WSR"""
4745,"""WLL"""
4746,"""WOW"""
4747,"""WMB"""
4748,"""WSM"""
4749,"""WGO"""
4750,"""WIT"""
4751,"""WNS"""
4752,"""WWW"""
4753,"""WF"""
4754,"""WK"""
4755,"""INT"""
4756,"""WWE"""
4757,"""WOR"""
4758,"""WPP"""
4759,"""WPX"""
4760,"""WYND"""
4761,"""XHR"""
4762,"""XRX"""
4763,"""XIN"""
4764,"""XPO"""
4765,"""XYL"""
4766,"""AUY"""
4767,"""YELP"""
4768,"""YETI"""
4769,"""YRD"""
4770,"""DAO"""
4771,"""YPF"""
4772,"""YUM"""
4773,"""ZAYO"""
4774,"""ZEN"""
4775,"""ZBH"""
4776,"""ZBK"""
4777,"""ZTS"""
4778,"""ZUO"""
